Area_Code,Area_Code_M49,Area,Item_Code,Item_Code_CPC,Item,Element_Code,Element,Year_Code,Year,Unit,Value,Flag,Note,Country_ISO3
21,076,Brazil,656,01610,"Coffee, green",5312,Area harvested,2000,2000,ha,2267968.0,A,,BRA
21,076,Brazil,656,01610,"Coffee, green",5312,Area harvested,2001,2001,ha,2336031.0,A,,BRA
21,076,Brazil,656,01610,"Coffee, green",5312,Area harvested,2002,2002,ha,2370891.0,A,,BRA
21,076,Brazil,656,01610,"Coffee, green",5312,Area harvested,2003,2003,ha,2395501.0,A,,BRA
21,076,Brazil,656,01610,"Coffee, green",5312,Area harvested,2004,2004,ha,2368040.0,A,,BRA
21,076,Brazil,656,01610,"Coffee, green",5312,Area harvested,2005,2005,ha,2325920.0,A,,BRA
21,076,Brazil,656,01610,"Coffee, green",5312,Area harvested,2006,2006,ha,2312157.0,A,,BRA
21,076,Brazil,656,01610,"Coffee, green",5312,Area harvested,2007,2007,ha,2264129.0,A,,BRA
21,076,Brazil,656,01610,"Coffee, green",5312,Area harvested,2008,2008,ha,2222224.0,A,,BRA
21,076,Brazil,656,01610,"Coffee, green",5312,Area harvested,2009,2009,ha,2135508.0,A,,BRA
21,076,Brazil,656,01610,"Coffee, green",5312,Area harvested,2010,2010,ha,2159785.0,A,,BRA
21,076,Brazil,656,01610,"Coffee, green",5312,Area harvested,2011,2011,ha,2148775.0,A,,BRA
21,076,Brazil,656,01610,"Coffee, green",5312,Area harvested,2012,2012,ha,2120080.0,A,,BRA
21,076,Brazil,656,01610,"Coffee, green",5312,Area harvested,2013,2013,ha,2085522.0,A,,BRA
21,076,Brazil,656,01610,"Coffee, green",5312,Area harvested,2014,2014,ha,1997827.0,A,,BRA
21,076,Brazil,656,01610,"Coffee, green",5312,Area harvested,2015,2015,ha,1977714.0,A,,BRA
21,076,Brazil,656,01610,"Coffee, green",5312,Area harvested,2016,2016,ha,1996604.0,A,,BRA
21,076,Brazil,656,01610,"Coffee, green",5312,Area harvested,2017,2017,ha,1802417.0,A,,BRA
21,076,Brazil,656,01610,"Coffee, green",5312,Area harvested,2018,2018,ha,1863966.0,A,,BRA
21,076,Brazil,656,01610,"Coffee, green",5312,Area harvested,2019,2019,ha,1825283.0,A,,BRA
21,076,Brazil,656,01610,"Coffee, green",5312,Area harvested,2020,2020,ha,1898429.0,A,,BRA
21,076,Brazil,656,01610,"Coffee, green",5312,Area harvested,2021,2021,ha,1832508.0,A,,BRA
21,076,Brazil,656,01610,"Coffee, green",5312,Area harvested,2022,2022,ha,1867392.0,A,,BRA
21,076,Brazil,656,01610,"Coffee, green",5312,Area harvested,2023,2023,ha,1905239.0,A,,BRA
21,076,Brazil,656,01610,"Coffee, green",5312,Area harvested,2024,2024,ha,1943977.0,A,,BRA
21,076,Brazil,656,01610,"Coffee, green",5412,Yield,2000,2000,kg/ha,839.3,A,,BRA
21,076,Brazil,656,01610,"Coffee, green",5412,Yield,2001,2001,kg/ha,778.9,A,,BRA
21,076,Brazil,656,01610,"Coffee, green",5412,Yield,2002,2002,kg/ha,1101.1,A,,BRA
21,076,Brazil,656,01610,"Coffee, green",5412,Yield,2003,2003,kg/ha,829.5,A,,BRA
21,076,Brazil,656,01610,"Coffee, green",5412,Yield,2004,2004,kg/ha,1041.2,A,,BRA
21,076,Brazil,656,01610,"Coffee, green",5412,Yield,2005,2005,kg/ha,920.1,A,,BRA
21,076,Brazil,656,01610,"Coffee, green",5412,Yield,2006,2006,kg/ha,1113.0,A,,BRA
21,076,Brazil,656,01610,"Coffee, green",5412,Yield,2007,2007,kg/ha,993.3,A,,BRA
21,076,Brazil,656,01610,"Coffee, green",5412,Yield,2008,2008,kg/ha,1258.6,A,,BRA
21,076,Brazil,656,01610,"Coffee, green",5412,Yield,2009,2009,kg/ha,1142.6,A,,BRA
21,076,Brazil,656,01610,"Coffee, green",5412,Yield,2010,2010,kg/ha,1346.1,A,,BRA
21,076,Brazil,656,01610,"Coffee, green",5412,Yield,2011,2011,kg/ha,1256.8,A,,BRA
21,076,Brazil,656,01610,"Coffee, green",5412,Yield,2012,2012,kg/ha,1432.7,A,,BRA
21,076,Brazil,656,01610,"Coffee, green",5412,Yield,2013,2013,kg/ha,1421.5,A,,BRA
21,076,Brazil,656,01610,"Coffee, green",5412,Yield,2014,2014,kg/ha,1403.6,A,,BRA
21,076,Brazil,656,01610,"Coffee, green",5412,Yield,2015,2015,kg/ha,1338.7,A,,BRA
21,076,Brazil,656,01610,"Coffee, green",5412,Yield,2016,2016,kg/ha,1514.8,A,,BRA
21,076,Brazil,656,01610,"Coffee, green",5412,Yield,2017,2017,kg/ha,1489.4,A,,BRA
21,076,Brazil,656,01610,"Coffee, green",5412,Yield,2018,2018,kg/ha,1906.0,A,,BRA
21,076,Brazil,656,01610,"Coffee, green",5412,Yield,2019,2019,kg/ha,1650.0,A,,BRA
21,076,Brazil,656,01610,"Coffee, green",5412,Yield,2020,2020,kg/ha,1952.0,A,,BRA
21,076,Brazil,656,01610,"Coffee, green",5412,Yield,2021,2021,kg/ha,1629.2,A,,BRA
21,076,Brazil,656,01610,"Coffee, green",5412,Yield,2022,2022,kg/ha,1702.6,A,,BRA
21,076,Brazil,656,01610,"Coffee, green",5412,Yield,2023,2023,kg/ha,1757.5,A,,BRA
21,076,Brazil,656,01610,"Coffee, green",5412,Yield,2024,2024,kg/ha,1742.7,A,,BRA
21,076,Brazil,656,01610,"Coffee, green",5510,Production,2000,2000,t,1903562.0,A,,BRA
21,076,Brazil,656,01610,"Coffee, green",5510,Production,2001,2001,t,1819569.0,A,,BRA
21,076,Brazil,656,01610,"Coffee, green",5510,Production,2002,2002,t,2610524.0,A,,BRA
21,076,Brazil,656,01610,"Coffee, green",5510,Production,2003,2003,t,1987074.0,A,,BRA
21,076,Brazil,656,01610,"Coffee, green",5510,Production,2004,2004,t,2465710.0,A,,BRA
21,076,Brazil,656,01610,"Coffee, green",5510,Production,2005,2005,t,2140169.0,A,,BRA
21,076,Brazil,656,01610,"Coffee, green",5510,Production,2006,2006,t,2573368.0,A,,BRA
21,076,Brazil,656,01610,"Coffee, green",5510,Production,2007,2007,t,2249011.0,A,,BRA
21,076,Brazil,656,01610,"Coffee, green",5510,Production,2008,2008,t,2796927.0,A,,BRA
21,076,Brazil,656,01610,"Coffee, green",5510,Production,2009,2009,t,2440056.0,A,,BRA
21,076,Brazil,656,01610,"Coffee, green",5510,Production,2010,2010,t,2907265.0,A,,BRA
21,076,Brazil,656,01610,"Coffee, green",5510,Production,2011,2011,t,2700540.0,A,,BRA
21,076,Brazil,656,01610,"Coffee, green",5510,Production,2012,2012,t,3037534.0,A,,BRA
21,076,Brazil,656,01610,"Coffee, green",5510,Production,2013,2013,t,2964538.0,A,,BRA
21,076,Brazil,656,01610,"Coffee, green",5510,Production,2014,2014,t,2804070.0,A,,BRA
21,076,Brazil,656,01610,"Coffee, green",5510,Production,2015,2015,t,2647504.0,A,,BRA
21,076,Brazil,656,01610,"Coffee, green",5510,Production,2016,2016,t,3024466.0,A,,BRA
21,076,Brazil,656,01610,"Coffee, green",5510,Production,2017,2017,t,2684508.0,A,,BRA
21,076,Brazil,656,01610,"Coffee, green",5510,Production,2018,2018,t,3552729.0,A,,BRA
21,076,Brazil,656,01610,"Coffee, green",5510,Production,2019,2019,t,3011745.0,A,,BRA
21,076,Brazil,656,01610,"Coffee, green",5510,Production,2020,2020,t,3705719.0,A,,BRA
21,076,Brazil,656,01610,"Coffee, green",5510,Production,2021,2021,t,2985581.0,A,,BRA
21,076,Brazil,656,01610,"Coffee, green",5510,Production,2022,2022,t,3179341.0,A,,BRA
21,076,Brazil,656,01610,"Coffee, green",5510,Production,2023,2023,t,3348510.0,A,,BRA
21,076,Brazil,656,01610,"Coffee, green",5510,Production,2024,2024,t,3387724.0,A,,BRA
44,170,Colombia,656,01610,"Coffee, green",5312,Area harvested,2000,2000,ha,675342.0,A,,COL
44,170,Colombia,656,01610,"Coffee, green",5312,Area harvested,2001,2001,ha,704846.0,A,,COL
44,170,Colombia,656,01610,"Coffee, green",5312,Area harvested,2002,2002,ha,710510.0,A,,COL
44,170,Colombia,656,01610,"Coffee, green",5312,Area harvested,2003,2003,ha,721362.0,A,,COL
44,170,Colombia,656,01610,"Coffee, green",5312,Area harvested,2004,2004,ha,771219.0,A,,COL
44,170,Colombia,656,01610,"Coffee, green",5312,Area harvested,2005,2005,ha,806884.0,A,,COL
44,170,Colombia,656,01610,"Coffee, green",5312,Area harvested,2006,2006,ha,785535.0,A,,COL
44,170,Colombia,656,01610,"Coffee, green",5312,Area harvested,2007,2007,ha,797660.0,A,,COL
44,170,Colombia,656,01610,"Coffee, green",5312,Area harvested,2008,2008,ha,732656.0,A,,COL
44,170,Colombia,656,01610,"Coffee, green",5312,Area harvested,2009,2009,ha,765345.0,A,,COL
44,170,Colombia,656,01610,"Coffee, green",5312,Area harvested,2010,2010,ha,778052.0,A,,COL
44,170,Colombia,656,01610,"Coffee, green",5312,Area harvested,2011,2011,ha,723921.0,A,,COL
44,170,Colombia,656,01610,"Coffee, green",5312,Area harvested,2012,2012,ha,696023.0,A,,COL
44,170,Colombia,656,01610,"Coffee, green",5312,Area harvested,2013,2013,ha,771725.0,A,,COL
44,170,Colombia,656,01610,"Coffee, green",5312,Area harvested,2014,2014,ha,795563.0,A,,COL
44,170,Colombia,656,01610,"Coffee, green",5312,Area harvested,2015,2015,ha,801118.0,A,,COL
44,170,Colombia,656,01610,"Coffee, green",5312,Area harvested,2016,2016,ha,778362.0,A,,COL
44,170,Colombia,656,01610,"Coffee, green",5312,Area harvested,2017,2017,ha,903950.0,A,,COL
44,170,Colombia,656,01610,"Coffee, green",5312,Area harvested,2018,2018,ha,877140.0,A,,COL
44,170,Colombia,656,01610,"Coffee, green",5312,Area harvested,2019,2019,ha,853698.0,A,,COL
44,170,Colombia,656,01610,"Coffee, green",5312,Area harvested,2020,2020,ha,844744.0,A,,COL
44,170,Colombia,656,01610,"Coffee, green",5312,Area harvested,2021,2021,ha,840112.0,A,,COL
44,170,Colombia,656,01610,"Coffee, green",5312,Area harvested,2022,2022,ha,842399.0,A,,COL
44,170,Colombia,656,01610,"Coffee, green",5312,Area harvested,2023,2023,ha,841354.0,A,,COL
44,170,Colombia,656,01610,"Coffee, green",5312,Area harvested,2024,2024,ha,837685.0,A,,COL
44,170,Colombia,656,01610,"Coffee, green",5412,Yield,2000,2000,kg/ha,943.4,A,,COL
44,170,Colombia,656,01610,"Coffee, green",5412,Yield,2001,2001,kg/ha,930.9,A,,COL
44,170,Colombia,656,01610,"Coffee, green",5412,Yield,2002,2002,kg/ha,980.8,A,,COL
44,170,Colombia,656,01610,"Coffee, green",5412,Yield,2003,2003,kg/ha,962.2,A,,COL
44,170,Colombia,656,01610,"Coffee, green",5412,Yield,2004,2004,kg/ha,874.5,A,,COL
44,170,Colombia,656,01610,"Coffee, green",5412,Yield,2005,2005,kg/ha,826.8,A,,COL
44,170,Colombia,656,01610,"Coffee, green",5412,Yield,2006,2006,kg/ha,922.6,A,,COL
44,170,Colombia,656,01610,"Coffee, green",5412,Yield,2007,2007,kg/ha,949.1,A,,COL
44,170,Colombia,656,01610,"Coffee, green",5412,Yield,2008,2008,kg/ha,940.0,A,,COL
44,170,Colombia,656,01610,"Coffee, green",5412,Yield,2009,2009,kg/ha,612.4,A,,COL
44,170,Colombia,656,01610,"Coffee, green",5412,Yield,2010,2010,kg/ha,688.1,A,,COL
44,170,Colombia,656,01610,"Coffee, green",5412,Yield,2011,2011,kg/ha,647.2,A,,COL
44,170,Colombia,656,01610,"Coffee, green",5412,Yield,2012,2012,kg/ha,663.8,A,,COL
44,170,Colombia,656,01610,"Coffee, green",5412,Yield,2013,2013,kg/ha,846.4,A,,COL
44,170,Colombia,656,01610,"Coffee, green",5412,Yield,2014,2014,kg/ha,915.6,A,,COL
44,170,Colombia,656,01610,"Coffee, green",5412,Yield,2015,2015,kg/ha,1033.2,A,,COL
44,170,Colombia,656,01610,"Coffee, green",5412,Yield,2016,2016,kg/ha,1051.2,A,,COL
44,170,Colombia,656,01610,"Coffee, green",5412,Yield,2017,2017,kg/ha,942.1,A,,COL
44,170,Colombia,656,01610,"Coffee, green",5412,Yield,2018,2018,kg/ha,927.4,A,,COL
44,170,Colombia,656,01610,"Coffee, green",5412,Yield,2019,2019,kg/ha,1036.8,A,,COL
44,170,Colombia,656,01610,"Coffee, green",5412,Yield,2020,2020,kg/ha,986.6,A,,COL
44,170,Colombia,656,01610,"Coffee, green",5412,Yield,2021,2021,kg/ha,667.0,A,,COL
44,170,Colombia,656,01610,"Coffee, green",5412,Yield,2022,2022,kg/ha,789.4,A,,COL
44,170,Colombia,656,01610,"Coffee, green",5412,Yield,2023,2023,kg/ha,809.2,A,,COL
44,170,Colombia,656,01610,"Coffee, green",5412,Yield,2024,2024,kg/ha,1002.6,A,,COL
44,170,Colombia,656,01610,"Coffee, green",5510,Production,2000,2000,t,637140.0,A,,COL
44,170,Colombia,656,01610,"Coffee, green",5510,Production,2001,2001,t,656160.0,A,,COL
44,170,Colombia,656,01610,"Coffee, green",5510,Production,2002,2002,t,696840.0,A,,COL
44,170,Colombia,656,01610,"Coffee, green",5510,Production,2003,2003,t,694080.0,A,,COL
44,170,Colombia,656,01610,"Coffee, green",5510,Production,2004,2004,t,674400.0,A,,COL
44,170,Colombia,656,01610,"Coffee, green",5510,Production,2005,2005,t,667140.0,A,,COL
44,170,Colombia,656,01610,"Coffee, green",5510,Production,2006,2006,t,724740.0,A,,COL
44,170,Colombia,656,01610,"Coffee, green",5510,Production,2007,2007,t,757080.0,A,,COL
44,170,Colombia,656,01610,"Coffee, green",5510,Production,2008,2008,t,688680.0,A,,COL
44,170,Colombia,656,01610,"Coffee, green",5510,Production,2009,2009,t,468720.0,A,,COL
44,170,Colombia,656,01610,"Coffee, green",5510,Production,2010,2010,t,535380.0,A,,COL
44,170,Colombia,656,01610,"Coffee, green",5510,Production,2011,2011,t,468540.0,A,,COL
44,170,Colombia,656,01610,"Coffee, green",5510,Production,2012,2012,t,462000.0,A,,COL
44,170,Colombia,656,01610,"Coffee, green",5510,Production,2013,2013,t,653160.0,A,,COL
44,170,Colombia,656,01610,"Coffee, green",5510,Production,2014,2014,t,728400.0,A,,COL
44,170,Colombia,656,01610,"Coffee, green",5510,Production,2015,2015,t,827750.0,A,,COL
44,170,Colombia,656,01610,"Coffee, green",5510,Production,2016,2016,t,818243.0,A,,COL
44,170,Colombia,656,01610,"Coffee, green",5510,Production,2017,2017,t,851640.0,A,,COL
44,170,Colombia,656,01610,"Coffee, green",5510,Production,2018,2018,t,813420.0,A,,COL
44,170,Colombia,656,01610,"Coffee, green",5510,Production,2019,2019,t,885120.0,A,,COL
44,170,Colombia,656,01610,"Coffee, green",5510,Production,2020,2020,t,833400.0,A,,COL
44,170,Colombia,656,01610,"Coffee, green",5510,Production,2021,2021,t,560340.0,A,,COL
44,170,Colombia,656,01610,"Coffee, green",5510,Production,2022,2022,t,665015.95,A,,COL
44,170,Colombia,656,01610,"Coffee, green",5510,Production,2023,2023,t,680857.67,A,,COL
44,170,Colombia,656,01610,"Coffee, green",5510,Production,2024,2024,t,839846.69,A,,COL
48,188,Costa Rica,656,01610,"Coffee, green",5312,Area harvested,2000,2000,ha,106000.0,A,,CRI
48,188,Costa Rica,656,01610,"Coffee, green",5312,Area harvested,2001,2001,ha,113130.0,A,,CRI
48,188,Costa Rica,656,01610,"Coffee, green",5312,Area harvested,2002,2002,ha,113387.0,A,,CRI
48,188,Costa Rica,656,01610,"Coffee, green",5312,Area harvested,2003,2003,ha,113387.0,A,,CRI
48,188,Costa Rica,656,01610,"Coffee, green",5312,Area harvested,2004,2004,ha,98681.0,A,,CRI
48,188,Costa Rica,656,01610,"Coffee, green",5312,Area harvested,2005,2005,ha,98681.0,A,,CRI
48,188,Costa Rica,656,01610,"Coffee, green",5312,Area harvested,2006,2006,ha,98681.0,A,,CRI
48,188,Costa Rica,656,01610,"Coffee, green",5312,Area harvested,2007,2007,ha,98681.0,A,,CRI
48,188,Costa Rica,656,01610,"Coffee, green",5312,Area harvested,2008,2008,ha,98681.0,A,,CRI
48,188,Costa Rica,656,01610,"Coffee, green",5312,Area harvested,2009,2009,ha,98681.0,A,,CRI
48,188,Costa Rica,656,01610,"Coffee, green",5312,Area harvested,2010,2010,ha,98681.0,A,,CRI
48,188,Costa Rica,656,01610,"Coffee, green",5312,Area harvested,2011,2011,ha,98681.0,A,,CRI
48,188,Costa Rica,656,01610,"Coffee, green",5312,Area harvested,2012,2012,ha,93774.0,A,,CRI
48,188,Costa Rica,656,01610,"Coffee, green",5312,Area harvested,2013,2013,ha,93774.0,A,,CRI
48,188,Costa Rica,656,01610,"Coffee, green",5312,Area harvested,2014,2014,ha,84133.0,A,,CRI
48,188,Costa Rica,656,01610,"Coffee, green",5312,Area harvested,2015,2015,ha,84133.0,A,,CRI
48,188,Costa Rica,656,01610,"Coffee, green",5312,Area harvested,2016,2016,ha,84133.0,A,,CRI
48,188,Costa Rica,656,01610,"Coffee, green",5312,Area harvested,2017,2017,ha,93697.0,A,,CRI
48,188,Costa Rica,656,01610,"Coffee, green",5312,Area harvested,2018,2018,ha,93697.0,A,,CRI
48,188,Costa Rica,656,01610,"Coffee, green",5312,Area harvested,2019,2019,ha,93697.0,A,,CRI
48,188,Costa Rica,656,01610,"Coffee, green",5312,Area harvested,2020,2020,ha,93697.0,A,,CRI
48,188,Costa Rica,656,01610,"Coffee, green",5312,Area harvested,2021,2021,ha,93697.0,A,,CRI
48,188,Costa Rica,656,01610,"Coffee, green",5312,Area harvested,2022,2022,ha,82539.0,A,,CRI
48,188,Costa Rica,656,01610,"Coffee, green",5312,Area harvested,2023,2023,ha,82539.0,A,,CRI
48,188,Costa Rica,656,01610,"Coffee, green",5312,Area harvested,2024,2024,ha,82539.0,A,,CRI
48,188,Costa Rica,656,01610,"Coffee, green",5412,Yield,2000,2000,kg/ha,1522.6,A,,CRI
48,188,Costa Rica,656,01610,"Coffee, green",5412,Yield,2001,2001,kg/ha,1328.5,A,,CRI
48,188,Costa Rica,656,01610,"Coffee, green",5412,Yield,2002,2002,kg/ha,1242.4,A,,CRI
48,188,Costa Rica,656,01610,"Coffee, green",5412,Yield,2003,2003,kg/ha,1166.4,A,,CRI
48,188,Costa Rica,656,01610,"Coffee, green",5412,Yield,2004,2004,kg/ha,1276.8,E,,CRI
48,188,Costa Rica,656,01610,"Coffee, green",5412,Yield,2005,2005,kg/ha,1273.5,A,,CRI
48,188,Costa Rica,656,01610,"Coffee, green",5412,Yield,2006,2006,kg/ha,1023.9,A,,CRI
48,188,Costa Rica,656,01610,"Coffee, green",5412,Yield,2007,2007,kg/ha,1226.8,A,,CRI
48,188,Costa Rica,656,01610,"Coffee, green",5412,Yield,2008,2008,kg/ha,1134.6,A,,CRI
48,188,Costa Rica,656,01610,"Coffee, green",5412,Yield,2009,2009,kg/ha,926.2,A,,CRI
48,188,Costa Rica,656,01610,"Coffee, green",5412,Yield,2010,2010,kg/ha,928.4,A,,CRI
48,188,Costa Rica,656,01610,"Coffee, green",5412,Yield,2011,2011,kg/ha,963.1,A,,CRI
48,188,Costa Rica,656,01610,"Coffee, green",5412,Yield,2012,2012,kg/ha,1257.0,A,,CRI
48,188,Costa Rica,656,01610,"Coffee, green",5412,Yield,2013,2013,kg/ha,761.2,A,,CRI
48,188,Costa Rica,656,01610,"Coffee, green",5412,Yield,2014,2014,kg/ha,1149.8,A,,CRI
48,188,Costa Rica,656,01610,"Coffee, green",5412,Yield,2015,2015,kg/ha,996.6,A,,CRI
48,188,Costa Rica,656,01610,"Coffee, green",5412,Yield,2016,2016,kg/ha,1114.0,A,,CRI
48,188,Costa Rica,656,01610,"Coffee, green",5412,Yield,2017,2017,kg/ha,965.0,A,,CRI
48,188,Costa Rica,656,01610,"Coffee, green",5412,Yield,2018,2018,kg/ha,982.1,A,,CRI
48,188,Costa Rica,656,01610,"Coffee, green",5412,Yield,2019,2019,kg/ha,815.2,A,,CRI
48,188,Costa Rica,656,01610,"Coffee, green",5412,Yield,2020,2020,kg/ha,926.3,A,,CRI
48,188,Costa Rica,656,01610,"Coffee, green",5412,Yield,2021,2021,kg/ha,1017.3,A,,CRI
48,188,Costa Rica,656,01610,"Coffee, green",5412,Yield,2022,2022,kg/ha,904.1,A,,CRI
48,188,Costa Rica,656,01610,"Coffee, green",5412,Yield,2023,2023,kg/ha,972.5,A,,CRI
48,188,Costa Rica,656,01610,"Coffee, green",5412,Yield,2024,2024,kg/ha,753.0,A,,CRI
48,188,Costa Rica,656,01610,"Coffee, green",5510,Production,2000,2000,t,161395.0,A,,CRI
48,188,Costa Rica,656,01610,"Coffee, green",5510,Production,2001,2001,t,150289.0,A,,CRI
48,188,Costa Rica,656,01610,"Coffee, green",5510,Production,2002,2002,t,140874.0,A,,CRI
48,188,Costa Rica,656,01610,"Coffee, green",5510,Production,2003,2003,t,132259.0,A,,CRI
48,188,Costa Rica,656,01610,"Coffee, green",5510,Production,2004,2004,t,126000.0,X,Unofficial figure,CRI
48,188,Costa Rica,656,01610,"Coffee, green",5510,Production,2005,2005,t,125669.0,A,,CRI
48,188,Costa Rica,656,01610,"Coffee, green",5510,Production,2006,2006,t,101038.0,A,,CRI
48,188,Costa Rica,656,01610,"Coffee, green",5510,Production,2007,2007,t,121058.0,A,,CRI
48,188,Costa Rica,656,01610,"Coffee, green",5510,Production,2008,2008,t,111959.0,A,,CRI
48,188,Costa Rica,656,01610,"Coffee, green",5510,Production,2009,2009,t,91403.0,A,,CRI
48,188,Costa Rica,656,01610,"Coffee, green",5510,Production,2010,2010,t,91620.0,A,,CRI
48,188,Costa Rica,656,01610,"Coffee, green",5510,Production,2011,2011,t,95038.0,A,,CRI
48,188,Costa Rica,656,01610,"Coffee, green",5510,Production,2012,2012,t,117873.0,A,,CRI
48,188,Costa Rica,656,01610,"Coffee, green",5510,Production,2013,2013,t,71381.0,A,,CRI
48,188,Costa Rica,656,01610,"Coffee, green",5510,Production,2014,2014,t,96735.0,A,,CRI
48,188,Costa Rica,656,01610,"Coffee, green",5510,Production,2015,2015,t,83846.0,A,,CRI
48,188,Costa Rica,656,01610,"Coffee, green",5510,Production,2016,2016,t,93720.0,A,,CRI
48,188,Costa Rica,656,01610,"Coffee, green",5510,Production,2017,2017,t,90419.0,A,,CRI
48,188,Costa Rica,656,01610,"Coffee, green",5510,Production,2018,2018,t,92016.0,A,,CRI
48,188,Costa Rica,656,01610,"Coffee, green",5510,Production,2019,2019,t,76385.0,A,,CRI
48,188,Costa Rica,656,01610,"Coffee, green",5510,Production,2020,2020,t,86791.0,A,,CRI
48,188,Costa Rica,656,01610,"Coffee, green",5510,Production,2021,2021,t,95322.0,A,,CRI
48,188,Costa Rica,656,01610,"Coffee, green",5510,Production,2022,2022,t,74620.26,A,,CRI
48,188,Costa Rica,656,01610,"Coffee, green",5510,Production,2023,2023,t,80270.33,A,,CRI
48,188,Costa Rica,656,01610,"Coffee, green",5510,Production,2024,2024,t,62153.98,A,,CRI
107,384,Côte d'Ivoire,656,01610,"Coffee, green",5312,Area harvested,2000,2000,ha,829319.0,A,,CIV
107,384,Côte d'Ivoire,656,01610,"Coffee, green",5312,Area harvested,2001,2001,ha,602075.0,A,,CIV
107,384,Côte d'Ivoire,656,01610,"Coffee, green",5312,Area harvested,2002,2002,ha,455090.0,A,,CIV
107,384,Côte d'Ivoire,656,01610,"Coffee, green",5312,Area harvested,2003,2003,ha,410472.0,A,,CIV
107,384,Côte d'Ivoire,656,01610,"Coffee, green",5312,Area harvested,2004,2004,ha,740000.0,E,,CIV
107,384,Côte d'Ivoire,656,01610,"Coffee, green",5312,Area harvested,2005,2005,ha,718750.0,A,,CIV
107,384,Côte d'Ivoire,656,01610,"Coffee, green",5312,Area harvested,2006,2006,ha,747500.0,A,,CIV
107,384,Côte d'Ivoire,656,01610,"Coffee, green",5312,Area harvested,2007,2007,ha,777400.0,A,,CIV
107,384,Côte d'Ivoire,656,01610,"Coffee, green",5312,Area harvested,2008,2008,ha,650000.0,E,,CIV
107,384,Côte d'Ivoire,656,01610,"Coffee, green",5312,Area harvested,2009,2009,ha,623354.0,A,,CIV
107,384,Côte d'Ivoire,656,01610,"Coffee, green",5312,Area harvested,2010,2010,ha,441066.0,I,,CIV
107,384,Côte d'Ivoire,656,01610,"Coffee, green",5312,Area harvested,2011,2011,ha,163206.0,I,,CIV
107,384,Côte d'Ivoire,656,01610,"Coffee, green",5312,Area harvested,2012,2012,ha,732998.0,I,,CIV
107,384,Côte d'Ivoire,656,01610,"Coffee, green",5312,Area harvested,2013,2013,ha,689759.0,I,,CIV
107,384,Côte d'Ivoire,656,01610,"Coffee, green",5312,Area harvested,2014,2014,ha,766335.0,I,,CIV
107,384,Côte d'Ivoire,656,01610,"Coffee, green",5312,Area harvested,2015,2015,ha,954793.0,I,,CIV
107,384,Côte d'Ivoire,656,01610,"Coffee, green",5312,Area harvested,2016,2016,ha,830166.0,I,,CIV
107,384,Côte d'Ivoire,656,01610,"Coffee, green",5312,Area harvested,2017,2017,ha,275011.0,E,,CIV
107,384,Côte d'Ivoire,656,01610,"Coffee, green",5312,Area harvested,2018,2018,ha,1090375.0,E,,CIV
107,384,Côte d'Ivoire,656,01610,"Coffee, green",5312,Area harvested,2019,2019,ha,769224.0,I,,CIV
107,384,Côte d'Ivoire,656,01610,"Coffee, green",5312,Area harvested,2020,2020,ha,620709.0,I,,CIV
107,384,Côte d'Ivoire,656,01610,"Coffee, green",5312,Area harvested,2021,2021,ha,444383.0,I,,CIV
107,384,Côte d'Ivoire,656,01610,"Coffee, green",5312,Area harvested,2022,2022,ha,539000.0,E,,CIV
107,384,Côte d'Ivoire,656,01610,"Coffee, green",5312,Area harvested,2023,2023,ha,332249.0,I,,CIV
107,384,Côte d'Ivoire,656,01610,"Coffee, green",5312,Area harvested,2024,2024,ha,599673.0,I,,CIV
107,384,Côte d'Ivoire,656,01610,"Coffee, green",5412,Yield,2000,2000,kg/ha,458.2,A,,CIV
107,384,Côte d'Ivoire,656,01610,"Coffee, green",5412,Yield,2001,2001,kg/ha,500.1,A,,CIV
107,384,Côte d'Ivoire,656,01610,"Coffee, green",5412,Yield,2002,2002,kg/ha,399.9,A,,CIV
107,384,Côte d'Ivoire,656,01610,"Coffee, green",5412,Yield,2003,2003,kg/ha,341.1,A,,CIV
107,384,Côte d'Ivoire,656,01610,"Coffee, green",5412,Yield,2004,2004,kg/ha,208.2,E,,CIV
107,384,Côte d'Ivoire,656,01610,"Coffee, green",5412,Yield,2005,2005,kg/ha,320.0,A,,CIV
107,384,Côte d'Ivoire,656,01610,"Coffee, green",5412,Yield,2006,2006,kg/ha,250.2,A,,CIV
107,384,Côte d'Ivoire,656,01610,"Coffee, green",5412,Yield,2007,2007,kg/ha,219.8,A,,CIV
107,384,Côte d'Ivoire,656,01610,"Coffee, green",5412,Yield,2008,2008,kg/ha,266.3,E,,CIV
107,384,Côte d'Ivoire,656,01610,"Coffee, green",5412,Yield,2009,2009,kg/ha,229.3,A,,CIV
107,384,Côte d'Ivoire,656,01610,"Coffee, green",5412,Yield,2010,2010,kg/ha,214.0,E,,CIV
107,384,Côte d'Ivoire,656,01610,"Coffee, green",5412,Yield,2011,2011,kg/ha,197.9,E,,CIV
107,384,Côte d'Ivoire,656,01610,"Coffee, green",5412,Yield,2012,2012,kg/ha,165.7,E,,CIV
107,384,Côte d'Ivoire,656,01610,"Coffee, green",5412,Yield,2013,2013,kg/ha,150.4,E,,CIV
107,384,Côte d'Ivoire,656,01610,"Coffee, green",5412,Yield,2014,2014,kg/ha,143.4,E,,CIV
107,384,Côte d'Ivoire,656,01610,"Coffee, green",5412,Yield,2015,2015,kg/ha,133.0,E,,CIV
107,384,Côte d'Ivoire,656,01610,"Coffee, green",5412,Yield,2016,2016,kg/ha,127.7,E,,CIV
107,384,Côte d'Ivoire,656,01610,"Coffee, green",5412,Yield,2017,2017,kg/ha,122.2,E,,CIV
107,384,Côte d'Ivoire,656,01610,"Coffee, green",5412,Yield,2018,2018,kg/ha,113.6,E,,CIV
107,384,Côte d'Ivoire,656,01610,"Coffee, green",5412,Yield,2019,2019,kg/ha,123.8,E,,CIV
107,384,Côte d'Ivoire,656,01610,"Coffee, green",5412,Yield,2020,2020,kg/ha,132.7,E,,CIV
107,384,Côte d'Ivoire,656,01610,"Coffee, green",5412,Yield,2021,2021,kg/ha,138.0,E,,CIV
107,384,Côte d'Ivoire,656,01610,"Coffee, green",5412,Yield,2022,2022,kg/ha,166.7,E,,CIV
107,384,Côte d'Ivoire,656,01610,"Coffee, green",5412,Yield,2023,2023,kg/ha,141.4,E,,CIV
107,384,Côte d'Ivoire,656,01610,"Coffee, green",5412,Yield,2024,2024,kg/ha,120.3,E,,CIV
107,384,Côte d'Ivoire,656,01610,"Coffee, green",5510,Production,2000,2000,t,380000.0,A,,CIV
107,384,Côte d'Ivoire,656,01610,"Coffee, green",5510,Production,2001,2001,t,301127.0,A,,CIV
107,384,Côte d'Ivoire,656,01610,"Coffee, green",5510,Production,2002,2002,t,182001.0,A,,CIV
107,384,Côte d'Ivoire,656,01610,"Coffee, green",5510,Production,2003,2003,t,140027.0,A,,CIV
107,384,Côte d'Ivoire,656,01610,"Coffee, green",5510,Production,2004,2004,t,154081.0,A,,CIV
107,384,Côte d'Ivoire,656,01610,"Coffee, green",5510,Production,2005,2005,t,230000.0,A,,CIV
107,384,Côte d'Ivoire,656,01610,"Coffee, green",5510,Production,2006,2006,t,187000.0,A,,CIV
107,384,Côte d'Ivoire,656,01610,"Coffee, green",5510,Production,2007,2007,t,170849.0,A,,CIV
107,384,Côte d'Ivoire,656,01610,"Coffee, green",5510,Production,2008,2008,t,173118.0,A,,CIV
107,384,Côte d'Ivoire,656,01610,"Coffee, green",5510,Production,2009,2009,t,142945.0,A,,CIV
107,384,Côte d'Ivoire,656,01610,"Coffee, green",5510,Production,2010,2010,t,94372.0,A,,CIV
107,384,Côte d'Ivoire,656,01610,"Coffee, green",5510,Production,2011,2011,t,32291.0,A,,CIV
107,384,Côte d'Ivoire,656,01610,"Coffee, green",5510,Production,2012,2012,t,121426.0,A,,CIV
107,384,Côte d'Ivoire,656,01610,"Coffee, green",5510,Production,2013,2013,t,103743.0,A,,CIV
107,384,Côte d'Ivoire,656,01610,"Coffee, green",5510,Production,2014,2014,t,109913.47,I,,CIV
107,384,Côte d'Ivoire,656,01610,"Coffee, green",5510,Production,2015,2015,t,127000.0,A,,CIV
107,384,Côte d'Ivoire,656,01610,"Coffee, green",5510,Production,2016,2016,t,106000.0,A,,CIV
107,384,Côte d'Ivoire,656,01610,"Coffee, green",5510,Production,2017,2017,t,33600.0,A,,CIV
107,384,Côte d'Ivoire,656,01610,"Coffee, green",5510,Production,2018,2018,t,123900.0,A,,CIV
107,384,Côte d'Ivoire,656,01610,"Coffee, green",5510,Production,2019,2019,t,95204.0,A,,CIV
107,384,Côte d'Ivoire,656,01610,"Coffee, green",5510,Production,2020,2020,t,82366.0,A,,CIV
107,384,Côte d'Ivoire,656,01610,"Coffee, green",5510,Production,2021,2021,t,61312.0,A,,CIV
107,384,Côte d'Ivoire,656,01610,"Coffee, green",5510,Production,2022,2022,t,89878.0,A,,CIV
107,384,Côte d'Ivoire,656,01610,"Coffee, green",5510,Production,2023,2023,t,46975.0,A,,CIV
107,384,Côte d'Ivoire,656,01610,"Coffee, green",5510,Production,2024,2024,t,72133.0,A,,CIV
238,231,Ethiopia,656,01610,"Coffee, green",5312,Area harvested,2000,2000,ha,250000.0,E,,ETH
238,231,Ethiopia,656,01610,"Coffee, green",5312,Area harvested,2001,2001,ha,243834.0,A,,ETH
238,231,Ethiopia,656,01610,"Coffee, green",5312,Area harvested,2002,2002,ha,218000.0,E,,ETH
238,231,Ethiopia,656,01610,"Coffee, green",5312,Area harvested,2003,2003,ha,232439.0,A,,ETH
238,231,Ethiopia,656,01610,"Coffee, green",5312,Area harvested,2004,2004,ha,260201.0,A,,ETH
238,231,Ethiopia,656,01610,"Coffee, green",5312,Area harvested,2005,2005,ha,261175.0,A,,ETH
238,231,Ethiopia,656,01610,"Coffee, green",5312,Area harvested,2006,2006,ha,295238.0,A,,ETH
238,231,Ethiopia,656,01610,"Coffee, green",5312,Area harvested,2007,2007,ha,407147.0,A,,ETH
238,231,Ethiopia,656,01610,"Coffee, green",5312,Area harvested,2008,2008,ha,391296.0,A,,ETH
238,231,Ethiopia,656,01610,"Coffee, green",5312,Area harvested,2009,2009,ha,395003.0,A,,ETH
238,231,Ethiopia,656,01610,"Coffee, green",5312,Area harvested,2010,2010,ha,498618.0,A,,ETH
238,231,Ethiopia,656,01610,"Coffee, green",5312,Area harvested,2011,2011,ha,580440.0,E,,ETH
238,231,Ethiopia,656,01610,"Coffee, green",5312,Area harvested,2012,2012,ha,600530.0,E,,ETH
238,231,Ethiopia,656,01610,"Coffee, green",5312,Area harvested,2013,2013,ha,538466.0,A,,ETH
238,231,Ethiopia,656,01610,"Coffee, green",5312,Area harvested,2014,2014,ha,626820.0,E,,ETH
238,231,Ethiopia,656,01610,"Coffee, green",5312,Area harvested,2015,2015,ha,653940.0,E,,ETH
238,231,Ethiopia,656,01610,"Coffee, green",5312,Area harvested,2016,2016,ha,761209.0,A,,ETH
238,231,Ethiopia,656,01610,"Coffee, green",5312,Area harvested,2017,2017,ha,808022.0,A,,ETH
238,231,Ethiopia,656,01610,"Coffee, green",5312,Area harvested,2018,2018,ha,871707.0,A,,ETH
238,231,Ethiopia,656,01610,"Coffee, green",5312,Area harvested,2019,2019,ha,871380.0,E,,ETH
238,231,Ethiopia,656,01610,"Coffee, green",5312,Area harvested,2020,2020,ha,856592.0,A,,ETH
238,231,Ethiopia,656,01610,"Coffee, green",5312,Area harvested,2021,2021,ha,912170.0,E,,ETH
238,231,Ethiopia,656,01610,"Coffee, green",5312,Area harvested,2022,2022,ha,794404.0,A,,ETH
238,231,Ethiopia,656,01610,"Coffee, green",5312,Area harvested,2023,2023,ha,843635.0,I,,ETH
238,231,Ethiopia,656,01610,"Coffee, green",5312,Area harvested,2024,2024,ha,862943.0,I,,ETH
238,231,Ethiopia,656,01610,"Coffee, green",5412,Yield,2000,2000,kg/ha,919.9,E,,ETH
238,231,Ethiopia,656,01610,"Coffee, green",5412,Yield,2001,2001,kg/ha,644.5,A,,ETH
238,231,Ethiopia,656,01610,"Coffee, green",5412,Yield,2002,2002,kg/ha,733.9,E,,ETH
238,231,Ethiopia,656,01610,"Coffee, green",5412,Yield,2003,2003,kg/ha,542.9,A,,ETH
238,231,Ethiopia,656,01610,"Coffee, green",5412,Yield,2004,2004,kg/ha,600.2,A,,ETH
238,231,Ethiopia,656,01610,"Coffee, green",5412,Yield,2005,2005,kg/ha,657.1,A,,ETH
238,231,Ethiopia,656,01610,"Coffee, green",5412,Yield,2006,2006,kg/ha,817.9,A,,ETH
238,231,Ethiopia,656,01610,"Coffee, green",5412,Yield,2007,2007,kg/ha,671.5,A,,ETH
238,231,Ethiopia,656,01610,"Coffee, green",5412,Yield,2008,2008,kg/ha,665.1,A,,ETH
238,231,Ethiopia,656,01610,"Coffee, green",5412,Yield,2009,2009,kg/ha,672.1,A,,ETH
238,231,Ethiopia,656,01610,"Coffee, green",5412,Yield,2010,2010,kg/ha,743.2,A,,ETH
238,231,Ethiopia,656,01610,"Coffee, green",5412,Yield,2011,2011,kg/ha,762.0,E,,ETH
238,231,Ethiopia,656,01610,"Coffee, green",5412,Yield,2012,2012,kg/ha,748.9,E,,ETH
238,231,Ethiopia,656,01610,"Coffee, green",5412,Yield,2013,2013,kg/ha,728.0,A,,ETH
238,231,Ethiopia,656,01610,"Coffee, green",5412,Yield,2014,2014,kg/ha,746.4,E,,ETH
238,231,Ethiopia,656,01610,"Coffee, green",5412,Yield,2015,2015,kg/ha,766.5,E,,ETH
238,231,Ethiopia,656,01610,"Coffee, green",5412,Yield,2016,2016,kg/ha,650.0,A,,ETH
238,231,Ethiopia,656,01610,"Coffee, green",5412,Yield,2017,2017,kg/ha,680.1,A,,ETH
238,231,Ethiopia,656,01610,"Coffee, green",5412,Yield,2018,2018,kg/ha,658.5,A,,ETH
238,231,Ethiopia,656,01610,"Coffee, green",5412,Yield,2019,2019,kg/ha,658.2,E,,ETH
238,231,Ethiopia,656,01610,"Coffee, green",5412,Yield,2020,2020,kg/ha,682.7,A,,ETH
238,231,Ethiopia,656,01610,"Coffee, green",5412,Yield,2021,2021,kg/ha,647.2,E,,ETH
238,231,Ethiopia,656,01610,"Coffee, green",5412,Yield,2022,2022,kg/ha,686.8,A,,ETH
238,231,Ethiopia,656,01610,"Coffee, green",5412,Yield,2023,2023,kg/ha,663.1,E,,ETH
238,231,Ethiopia,656,01610,"Coffee, green",5412,Yield,2024,2024,kg/ha,667.1,E,,ETH
238,231,Ethiopia,656,01610,"Coffee, green",5510,Production,2000,2000,t,229980.0,X,Unofficial figure,ETH
238,231,Ethiopia,656,01610,"Coffee, green",5510,Production,2001,2001,t,157155.0,A,,ETH
238,231,Ethiopia,656,01610,"Coffee, green",5510,Production,2002,2002,t,160000.0,E,,ETH
238,231,Ethiopia,656,01610,"Coffee, green",5510,Production,2003,2003,t,126188.0,A,,ETH
238,231,Ethiopia,656,01610,"Coffee, green",5510,Production,2004,2004,t,156170.0,A,,ETH
238,231,Ethiopia,656,01610,"Coffee, green",5510,Production,2005,2005,t,171631.0,A,,ETH
238,231,Ethiopia,656,01610,"Coffee, green",5510,Production,2006,2006,t,241482.0,A,,ETH
238,231,Ethiopia,656,01610,"Coffee, green",5510,Production,2007,2007,t,273400.0,A,,ETH
238,231,Ethiopia,656,01610,"Coffee, green",5510,Production,2008,2008,t,260239.0,A,,ETH
238,231,Ethiopia,656,01610,"Coffee, green",5510,Production,2009,2009,t,265469.0,A,,ETH
238,231,Ethiopia,656,01610,"Coffee, green",5510,Production,2010,2010,t,370569.0,A,,ETH
238,231,Ethiopia,656,01610,"Coffee, green",5510,Production,2011,2011,t,442270.0,E,,ETH
238,231,Ethiopia,656,01610,"Coffee, green",5510,Production,2012,2012,t,449740.0,E,,ETH
238,231,Ethiopia,656,01610,"Coffee, green",5510,Production,2013,2013,t,392006.0,A,,ETH
238,231,Ethiopia,656,01610,"Coffee, green",5510,Production,2014,2014,t,467860.0,E,,ETH
238,231,Ethiopia,656,01610,"Coffee, green",5510,Production,2015,2015,t,501240.0,E,,ETH
238,231,Ethiopia,656,01610,"Coffee, green",5510,Production,2016,2016,t,494819.0,A,,ETH
238,231,Ethiopia,656,01610,"Coffee, green",5510,Production,2017,2017,t,549531.0,A,,ETH
238,231,Ethiopia,656,01610,"Coffee, green",5510,Production,2018,2018,t,573986.0,A,,ETH
238,231,Ethiopia,656,01610,"Coffee, green",5510,Production,2019,2019,t,573580.0,E,,ETH
238,231,Ethiopia,656,01610,"Coffee, green",5510,Production,2020,2020,t,584789.57,A,,ETH
238,231,Ethiopia,656,01610,"Coffee, green",5510,Production,2021,2021,t,590400.0,E,,ETH
238,231,Ethiopia,656,01610,"Coffee, green",5510,Production,2022,2022,t,545566.36,A,,ETH
238,231,Ethiopia,656,01610,"Coffee, green",5510,Production,2023,2023,t,559400.0,X,Unofficial figure,ETH
238,231,Ethiopia,656,01610,"Coffee, green",5510,Production,2024,2024,t,575696.18,I,,ETH
89,320,Guatemala,656,01610,"Coffee, green",5312,Area harvested,2000,2000,ha,273000.0,A,,GTM
89,320,Guatemala,656,01610,"Coffee, green",5312,Area harvested,2001,2001,ha,262296.0,A,,GTM
89,320,Guatemala,656,01610,"Coffee, green",5312,Area harvested,2002,2002,ha,262016.0,A,,GTM
89,320,Guatemala,656,01610,"Coffee, green",5312,Area harvested,2003,2003,ha,247339.0,A,,GTM
89,320,Guatemala,656,01610,"Coffee, green",5312,Area harvested,2004,2004,ha,247339.0,A,,GTM
89,320,Guatemala,656,01610,"Coffee, green",5312,Area harvested,2005,2005,ha,247339.0,A,,GTM
89,320,Guatemala,656,01610,"Coffee, green",5312,Area harvested,2006,2006,ha,247339.0,A,,GTM
89,320,Guatemala,656,01610,"Coffee, green",5312,Area harvested,2007,2007,ha,248597.0,A,,GTM
89,320,Guatemala,656,01610,"Coffee, green",5312,Area harvested,2008,2008,ha,248597.0,A,,GTM
89,320,Guatemala,656,01610,"Coffee, green",5312,Area harvested,2009,2009,ha,248807.0,A,,GTM
89,320,Guatemala,656,01610,"Coffee, green",5312,Area harvested,2010,2010,ha,249925.0,A,,GTM
89,320,Guatemala,656,01610,"Coffee, green",5312,Area harvested,2011,2011,ha,254817.0,A,,GTM
89,320,Guatemala,656,01610,"Coffee, green",5312,Area harvested,2012,2012,ha,254328.0,A,,GTM
89,320,Guatemala,656,01610,"Coffee, green",5312,Area harvested,2013,2013,ha,250624.0,A,,GTM
89,320,Guatemala,656,01610,"Coffee, green",5312,Area harvested,2014,2014,ha,262435.0,A,,GTM
89,320,Guatemala,656,01610,"Coffee, green",5312,Area harvested,2015,2015,ha,269424.0,A,,GTM
89,320,Guatemala,656,01610,"Coffee, green",5312,Area harvested,2016,2016,ha,274177.0,A,,GTM
89,320,Guatemala,656,01610,"Coffee, green",5312,Area harvested,2017,2017,ha,257619.0,I,,GTM
89,320,Guatemala,656,01610,"Coffee, green",5312,Area harvested,2018,2018,ha,279446.0,I,,GTM
89,320,Guatemala,656,01610,"Coffee, green",5312,Area harvested,2019,2019,ha,260649.0,I,,GTM
89,320,Guatemala,656,01610,"Coffee, green",5312,Area harvested,2020,2020,ha,320736.0,I,,GTM
89,320,Guatemala,656,01610,"Coffee, green",5312,Area harvested,2021,2021,ha,319883.0,I,,GTM
89,320,Guatemala,656,01610,"Coffee, green",5312,Area harvested,2022,2022,ha,376019.0,A,,GTM
89,320,Guatemala,656,01610,"Coffee, green",5312,Area harvested,2023,2023,ha,376019.0,A,,GTM
89,320,Guatemala,656,01610,"Coffee, green",5312,Area harvested,2024,2024,ha,376019.0,A,,GTM
89,320,Guatemala,656,01610,"Coffee, green",5412,Yield,2000,2000,kg/ha,1143.1,E,,GTM
89,320,Guatemala,656,01610,"Coffee, green",5412,Yield,2001,2001,kg/ha,995.4,A,,GTM
89,320,Guatemala,656,01610,"Coffee, green",5412,Yield,2002,2002,kg/ha,973.6,A,,GTM
89,320,Guatemala,656,01610,"Coffee, green",5412,Yield,2003,2003,kg/ha,987.3,E,,GTM
89,320,Guatemala,656,01610,"Coffee, green",5412,Yield,2004,2004,kg/ha,1011.9,A,,GTM
89,320,Guatemala,656,01610,"Coffee, green",5412,Yield,2005,2005,kg/ha,1003.8,A,,GTM
89,320,Guatemala,656,01610,"Coffee, green",5412,Yield,2006,2006,kg/ha,971.7,A,,GTM
89,320,Guatemala,656,01610,"Coffee, green",5412,Yield,2007,2007,kg/ha,1000.1,A,,GTM
89,320,Guatemala,656,01610,"Coffee, green",5412,Yield,2008,2008,kg/ha,1025.4,A,,GTM
89,320,Guatemala,656,01610,"Coffee, green",5412,Yield,2009,2009,kg/ha,994.8,A,,GTM
89,320,Guatemala,656,01610,"Coffee, green",5412,Yield,2010,2010,kg/ha,993.7,A,,GTM
89,320,Guatemala,656,01610,"Coffee, green",5412,Yield,2011,2011,kg/ha,1041.5,A,,GTM
89,320,Guatemala,656,01610,"Coffee, green",5412,Yield,2012,2012,kg/ha,1071.2,A,,GTM
89,320,Guatemala,656,01610,"Coffee, green",5412,Yield,2013,2013,kg/ha,992.2,A,,GTM
89,320,Guatemala,656,01610,"Coffee, green",5412,Yield,2014,2014,kg/ha,867.5,A,,GTM
89,320,Guatemala,656,01610,"Coffee, green",5412,Yield,2015,2015,kg/ha,837.5,A,,GTM
89,320,Guatemala,656,01610,"Coffee, green",5412,Yield,2016,2016,kg/ha,861.3,A,,GTM
89,320,Guatemala,656,01610,"Coffee, green",5412,Yield,2017,2017,kg/ha,869.5,E,,GTM
89,320,Guatemala,656,01610,"Coffee, green",5412,Yield,2018,2018,kg/ha,860.3,E,,GTM
89,320,Guatemala,656,01610,"Coffee, green",5412,Yield,2019,2019,kg/ha,830.2,E,,GTM
89,320,Guatemala,656,01610,"Coffee, green",5412,Yield,2020,2020,kg/ha,767.0,E,,GTM
89,320,Guatemala,656,01610,"Coffee, green",5412,Yield,2021,2021,kg/ha,708.7,E,,GTM
89,320,Guatemala,656,01610,"Coffee, green",5412,Yield,2022,2022,kg/ha,633.9,A,,GTM
89,320,Guatemala,656,01610,"Coffee, green",5412,Yield,2023,2023,kg/ha,566.1,A,,GTM
89,320,Guatemala,656,01610,"Coffee, green",5412,Yield,2024,2024,kg/ha,598.0,A,,GTM
89,320,Guatemala,656,01610,"Coffee, green",5510,Production,2000,2000,t,312060.0,X,Unofficial figure,GTM
89,320,Guatemala,656,01610,"Coffee, green",5510,Production,2001,2001,t,261096.84,A,,GTM
89,320,Guatemala,656,01610,"Coffee, green",5510,Production,2002,2002,t,255091.28,A,,GTM
89,320,Guatemala,656,01610,"Coffee, green",5510,Production,2003,2003,t,244200.0,X,Unofficial figure,GTM
89,320,Guatemala,656,01610,"Coffee, green",5510,Production,2004,2004,t,250279.0,A,,GTM
89,320,Guatemala,656,01610,"Coffee, green",5510,Production,2005,2005,t,248277.0,A,,GTM
89,320,Guatemala,656,01610,"Coffee, green",5510,Production,2006,2006,t,240331.38,A,,GTM
89,320,Guatemala,656,01610,"Coffee, green",5510,Production,2007,2007,t,248613.98,A,,GTM
89,320,Guatemala,656,01610,"Coffee, green",5510,Production,2008,2008,t,254914.38,A,,GTM
89,320,Guatemala,656,01610,"Coffee, green",5510,Production,2009,2009,t,247502.68,A,,GTM
89,320,Guatemala,656,01610,"Coffee, green",5510,Production,2010,2010,t,248355.43,A,,GTM
89,320,Guatemala,656,01610,"Coffee, green",5510,Production,2011,2011,t,265401.43,A,,GTM
89,320,Guatemala,656,01610,"Coffee, green",5510,Production,2012,2012,t,272432.0,A,,GTM
89,320,Guatemala,656,01610,"Coffee, green",5510,Production,2013,2013,t,248668.0,A,,GTM
89,320,Guatemala,656,01610,"Coffee, green",5510,Production,2014,2014,t,227653.47,A,,GTM
89,320,Guatemala,656,01610,"Coffee, green",5510,Production,2015,2015,t,225653.13,A,,GTM
89,320,Guatemala,656,01610,"Coffee, green",5510,Production,2016,2016,t,236144.72,A,,GTM
89,320,Guatemala,656,01610,"Coffee, green",5510,Production,2017,2017,t,224000.0,X,Unofficial figure,GTM
89,320,Guatemala,656,01610,"Coffee, green",5510,Production,2018,2018,t,240400.0,X,Unofficial figure,GTM
89,320,Guatemala,656,01610,"Coffee, green",5510,Production,2019,2019,t,216400.0,X,Unofficial figure,GTM
89,320,Guatemala,656,01610,"Coffee, green",5510,Production,2020,2020,t,246000.0,X,Unofficial figure,GTM
89,320,Guatemala,656,01610,"Coffee, green",5510,Production,2021,2021,t,226700.0,X,Unofficial figure,GTM
89,320,Guatemala,656,01610,"Coffee, green",5510,Production,2022,2022,t,238354.0,A,,GTM
89,320,Guatemala,656,01610,"Coffee, green",5510,Production,2023,2023,t,212848.0,A,,GTM
89,320,Guatemala,656,01610,"Coffee, green",5510,Production,2024,2024,t,224860.0,A,,GTM
90,324,Guinea,656,01610,"Coffee, green",5312,Area harvested,2000,2000,ha,53065.0,I,,GIN
90,324,Guinea,656,01610,"Coffee, green",5312,Area harvested,2001,2001,ha,40000.0,E,,GIN
90,324,Guinea,656,01610,"Coffee, green",5312,Area harvested,2002,2002,ha,50000.0,E,,GIN
90,324,Guinea,656,01610,"Coffee, green",5312,Area harvested,2003,2003,ha,50340.0,I,,GIN
90,324,Guinea,656,01610,"Coffee, green",5312,Area harvested,2004,2004,ha,48802.0,I,,GIN
90,324,Guinea,656,01610,"Coffee, green",5312,Area harvested,2005,2005,ha,52000.0,E,,GIN
90,324,Guinea,656,01610,"Coffee, green",5312,Area harvested,2006,2006,ha,50000.0,E,,GIN
90,324,Guinea,656,01610,"Coffee, green",5312,Area harvested,2007,2007,ha,53000.0,E,,GIN
90,324,Guinea,656,01610,"Coffee, green",5312,Area harvested,2008,2008,ha,65000.0,E,,GIN
90,324,Guinea,656,01610,"Coffee, green",5312,Area harvested,2009,2009,ha,63000.0,E,,GIN
90,324,Guinea,656,01610,"Coffee, green",5312,Area harvested,2010,2010,ha,65690.0,I,,GIN
90,324,Guinea,656,01610,"Coffee, green",5312,Area harvested,2011,2011,ha,68631.0,I,,GIN
90,324,Guinea,656,01610,"Coffee, green",5312,Area harvested,2012,2012,ha,39904.0,I,,GIN
90,324,Guinea,656,01610,"Coffee, green",5312,Area harvested,2013,2013,ha,40962.0,I,,GIN
90,324,Guinea,656,01610,"Coffee, green",5312,Area harvested,2014,2014,ha,94300.0,E,,GIN
90,324,Guinea,656,01610,"Coffee, green",5312,Area harvested,2015,2015,ha,490000.0,E,,GIN
90,324,Guinea,656,01610,"Coffee, green",5312,Area harvested,2016,2016,ha,508000.0,E,,GIN
90,324,Guinea,656,01610,"Coffee, green",5312,Area harvested,2017,2017,ha,504000.0,E,,GIN
90,324,Guinea,656,01610,"Coffee, green",5312,Area harvested,2018,2018,ha,547000.0,E,,GIN
90,324,Guinea,656,01610,"Coffee, green",5312,Area harvested,2019,2019,ha,567000.0,E,,GIN
90,324,Guinea,656,01610,"Coffee, green",5312,Area harvested,2020,2020,ha,574753.0,I,,GIN
90,324,Guinea,656,01610,"Coffee, green",5312,Area harvested,2021,2021,ha,640026.0,I,,GIN
90,324,Guinea,656,01610,"Coffee, green",5312,Area harvested,2022,2022,ha,651076.0,I,,GIN
90,324,Guinea,656,01610,"Coffee, green",5312,Area harvested,2023,2023,ha,504133.0,I,,GIN
90,324,Guinea,656,01610,"Coffee, green",5312,Area harvested,2024,2024,ha,445086.0,I,,GIN
90,324,Guinea,656,01610,"Coffee, green",5412,Yield,2000,2000,kg/ha,416.1,E,,GIN
90,324,Guinea,656,01610,"Coffee, green",5412,Yield,2001,2001,kg/ha,354.0,E,,GIN
90,324,Guinea,656,01610,"Coffee, green",5412,Yield,2002,2002,kg/ha,393.6,E,,GIN
90,324,Guinea,656,01610,"Coffee, green",5412,Yield,2003,2003,kg/ha,414.8,E,,GIN
90,324,Guinea,656,01610,"Coffee, green",5412,Yield,2004,2004,kg/ha,414.3,E,,GIN
90,324,Guinea,656,01610,"Coffee, green",5412,Yield,2005,2005,kg/ha,399.4,E,,GIN
90,324,Guinea,656,01610,"Coffee, green",5412,Yield,2006,2006,kg/ha,464.5,E,,GIN
90,324,Guinea,656,01610,"Coffee, green",5412,Yield,2007,2007,kg/ha,501.1,E,,GIN
90,324,Guinea,656,01610,"Coffee, green",5412,Yield,2008,2008,kg/ha,420.8,E,,GIN
90,324,Guinea,656,01610,"Coffee, green",5412,Yield,2009,2009,kg/ha,447.2,E,,GIN
90,324,Guinea,656,01610,"Coffee, green",5412,Yield,2010,2010,kg/ha,441.7,E,,GIN
90,324,Guinea,656,01610,"Coffee, green",5412,Yield,2011,2011,kg/ha,441.8,E,,GIN
90,324,Guinea,656,01610,"Coffee, green",5412,Yield,2012,2012,kg/ha,448.8,E,,GIN
90,324,Guinea,656,01610,"Coffee, green",5412,Yield,2013,2013,kg/ha,450.2,E,,GIN
90,324,Guinea,656,01610,"Coffee, green",5412,Yield,2014,2014,kg/ha,440.1,E,,GIN
90,324,Guinea,656,01610,"Coffee, green",5412,Yield,2015,2015,kg/ha,430.3,E,,GIN
90,324,Guinea,656,01610,"Coffee, green",5412,Yield,2016,2016,kg/ha,430.4,E,,GIN
90,324,Guinea,656,01610,"Coffee, green",5412,Yield,2017,2017,kg/ha,429.9,E,,GIN
90,324,Guinea,656,01610,"Coffee, green",5412,Yield,2018,2018,kg/ha,429.7,E,,GIN
90,324,Guinea,656,01610,"Coffee, green",5412,Yield,2019,2019,kg/ha,429.8,E,,GIN
90,324,Guinea,656,01610,"Coffee, green",5412,Yield,2020,2020,kg/ha,422.2,E,,GIN
90,324,Guinea,656,01610,"Coffee, green",5412,Yield,2021,2021,kg/ha,409.3,E,,GIN
90,324,Guinea,656,01610,"Coffee, green",5412,Yield,2022,2022,kg/ha,401.9,E,,GIN
90,324,Guinea,656,01610,"Coffee, green",5412,Yield,2023,2023,kg/ha,396.7,E,,GIN
90,324,Guinea,656,01610,"Coffee, green",5412,Yield,2024,2024,kg/ha,392.8,E,,GIN
90,324,Guinea,656,01610,"Coffee, green",5510,Production,2000,2000,t,22080.0,A,,GIN
90,324,Guinea,656,01610,"Coffee, green",5510,Production,2001,2001,t,14160.0,A,,GIN
90,324,Guinea,656,01610,"Coffee, green",5510,Production,2002,2002,t,19680.0,A,,GIN
90,324,Guinea,656,01610,"Coffee, green",5510,Production,2003,2003,t,20880.0,A,,GIN
90,324,Guinea,656,01610,"Coffee, green",5510,Production,2004,2004,t,20220.0,A,,GIN
90,324,Guinea,656,01610,"Coffee, green",5510,Production,2005,2005,t,20770.0,A,,GIN
90,324,Guinea,656,01610,"Coffee, green",5510,Production,2006,2006,t,23226.0,A,,GIN
90,324,Guinea,656,01610,"Coffee, green",5510,Production,2007,2007,t,26556.0,A,,GIN
90,324,Guinea,656,01610,"Coffee, green",5510,Production,2008,2008,t,27353.0,A,,GIN
90,324,Guinea,656,01610,"Coffee, green",5510,Production,2009,2009,t,28173.0,A,,GIN
90,324,Guinea,656,01610,"Coffee, green",5510,Production,2010,2010,t,29018.0,A,,GIN
90,324,Guinea,656,01610,"Coffee, green",5510,Production,2011,2011,t,30320.0,A,,GIN
90,324,Guinea,656,01610,"Coffee, green",5510,Production,2012,2012,t,17907.0,A,,GIN
90,324,Guinea,656,01610,"Coffee, green",5510,Production,2013,2013,t,18440.0,A,,GIN
90,324,Guinea,656,01610,"Coffee, green",5510,Production,2014,2014,t,41500.0,A,,GIN
90,324,Guinea,656,01610,"Coffee, green",5510,Production,2015,2015,t,210866.0,A,,GIN
90,324,Guinea,656,01610,"Coffee, green",5510,Production,2016,2016,t,218635.0,A,,GIN
90,324,Guinea,656,01610,"Coffee, green",5510,Production,2017,2017,t,216691.0,A,,GIN
90,324,Guinea,656,01610,"Coffee, green",5510,Production,2018,2018,t,235043.0,A,,GIN
90,324,Guinea,656,01610,"Coffee, green",5510,Production,2019,2019,t,243703.0,A,,GIN
90,324,Guinea,656,01610,"Coffee, green",5510,Production,2020,2020,t,242682.0,A,,GIN
90,324,Guinea,656,01610,"Coffee, green",5510,Production,2021,2021,t,261992.0,A,,GIN
90,324,Guinea,656,01610,"Coffee, green",5510,Production,2022,2022,t,261645.0,A,,GIN
90,324,Guinea,656,01610,"Coffee, green",5510,Production,2023,2023,t,200000.0,X,Unofficial figure,GIN
90,324,Guinea,656,01610,"Coffee, green",5510,Production,2024,2024,t,174847.18,I,,GIN
95,340,Honduras,656,01610,"Coffee, green",5312,Area harvested,2000,2000,ha,210769.0,A,,HND
95,340,Honduras,656,01610,"Coffee, green",5312,Area harvested,2001,2001,ha,216562.0,A,,HND
95,340,Honduras,656,01610,"Coffee, green",5312,Area harvested,2002,2002,ha,204490.0,A,,HND
95,340,Honduras,656,01610,"Coffee, green",5312,Area harvested,2003,2003,ha,228438.0,A,,HND
95,340,Honduras,656,01610,"Coffee, green",5312,Area harvested,2004,2004,ha,236376.0,A,,HND
95,340,Honduras,656,01610,"Coffee, green",5312,Area harvested,2005,2005,ha,238455.0,A,,HND
95,340,Honduras,656,01610,"Coffee, green",5312,Area harvested,2006,2006,ha,250012.0,A,,HND
95,340,Honduras,656,01610,"Coffee, green",5312,Area harvested,2007,2007,ha,239000.0,E,,HND
95,340,Honduras,656,01610,"Coffee, green",5312,Area harvested,2008,2008,ha,242000.0,E,,HND
95,340,Honduras,656,01610,"Coffee, green",5312,Area harvested,2009,2009,ha,242683.0,A,,HND
95,340,Honduras,656,01610,"Coffee, green",5312,Area harvested,2010,2010,ha,313429.0,A,,HND
95,340,Honduras,656,01610,"Coffee, green",5312,Area harvested,2011,2011,ha,328375.0,A,,HND
95,340,Honduras,656,01610,"Coffee, green",5312,Area harvested,2012,2012,ha,347065.0,A,,HND
95,340,Honduras,656,01610,"Coffee, green",5312,Area harvested,2013,2013,ha,285471.0,I,,HND
95,340,Honduras,656,01610,"Coffee, green",5312,Area harvested,2014,2014,ha,270000.0,A,,HND
95,340,Honduras,656,01610,"Coffee, green",5312,Area harvested,2015,2015,ha,270000.0,A,,HND
95,340,Honduras,656,01610,"Coffee, green",5312,Area harvested,2016,2016,ha,309806.0,I,,HND
95,340,Honduras,656,01610,"Coffee, green",5312,Area harvested,2017,2017,ha,423676.0,I,,HND
95,340,Honduras,656,01610,"Coffee, green",5312,Area harvested,2018,2018,ha,431122.0,I,,HND
95,340,Honduras,656,01610,"Coffee, green",5312,Area harvested,2019,2019,ha,424739.0,I,,HND
95,340,Honduras,656,01610,"Coffee, green",5312,Area harvested,2020,2020,ha,323457.0,I,,HND
95,340,Honduras,656,01610,"Coffee, green",5312,Area harvested,2021,2021,ha,358284.0,I,,HND
95,340,Honduras,656,01610,"Coffee, green",5312,Area harvested,2022,2022,ha,278897.0,I,,HND
95,340,Honduras,656,01610,"Coffee, green",5312,Area harvested,2023,2023,ha,320513.0,I,,HND
95,340,Honduras,656,01610,"Coffee, green",5312,Area harvested,2024,2024,ha,266728.0,I,,HND
95,340,Honduras,656,01610,"Coffee, green",5412,Yield,2000,2000,kg/ha,917.2,A,,HND
95,340,Honduras,656,01610,"Coffee, green",5412,Yield,2001,2001,kg/ha,949.1,A,,HND
95,340,Honduras,656,01610,"Coffee, green",5412,Yield,2002,2002,kg/ha,844.7,A,,HND
95,340,Honduras,656,01610,"Coffee, green",5412,Yield,2003,2003,kg/ha,767.3,A,,HND
95,340,Honduras,656,01610,"Coffee, green",5412,Yield,2004,2004,kg/ha,783.0,A,,HND
95,340,Honduras,656,01610,"Coffee, green",5412,Yield,2005,2005,kg/ha,799.5,A,,HND
95,340,Honduras,656,01610,"Coffee, green",5412,Yield,2006,2006,kg/ha,854.5,A,,HND
95,340,Honduras,656,01610,"Coffee, green",5412,Yield,2007,2007,kg/ha,988.7,E,,HND
95,340,Honduras,656,01610,"Coffee, green",5412,Yield,2008,2008,kg/ha,995.7,E,,HND
95,340,Honduras,656,01610,"Coffee, green",5412,Yield,2009,2009,kg/ha,953.0,A,,HND
95,340,Honduras,656,01610,"Coffee, green",5412,Yield,2010,2010,kg/ha,779.6,A,,HND
95,340,Honduras,656,01610,"Coffee, green",5412,Yield,2011,2011,kg/ha,865.9,A,,HND
95,340,Honduras,656,01610,"Coffee, green",5412,Yield,2012,2012,kg/ha,989.4,A,,HND
95,340,Honduras,656,01610,"Coffee, green",5412,Yield,2013,2013,kg/ha,983.3,E,,HND
95,340,Honduras,656,01610,"Coffee, green",5412,Yield,2014,2014,kg/ha,1045.3,A,,HND
95,340,Honduras,656,01610,"Coffee, green",5412,Yield,2015,2015,kg/ha,1232.4,A,,HND
95,340,Honduras,656,01610,"Coffee, green",5412,Yield,2016,2016,kg/ha,1183.1,E,,HND
95,340,Honduras,656,01610,"Coffee, green",5412,Yield,2017,2017,kg/ha,1127.2,E,,HND
95,340,Honduras,656,01610,"Coffee, green",5412,Yield,2018,2018,kg/ha,1110.7,E,,HND
95,340,Honduras,656,01610,"Coffee, green",5412,Yield,2019,2019,kg/ha,1112.4,E,,HND
95,340,Honduras,656,01610,"Coffee, green",5412,Yield,2020,2020,kg/ha,1127.0,E,,HND
95,340,Honduras,656,01610,"Coffee, green",5412,Yield,2021,2021,kg/ha,1165.5,E,,HND
95,340,Honduras,656,01610,"Coffee, green",5412,Yield,2022,2022,kg/ha,1183.6,E,,HND
95,340,Honduras,656,01610,"Coffee, green",5412,Yield,2023,2023,kg/ha,1199.2,E,,HND
95,340,Honduras,656,01610,"Coffee, green",5412,Yield,2024,2024,kg/ha,1214.8,E,,HND
95,340,Honduras,656,01610,"Coffee, green",5510,Production,2000,2000,t,193309.0,A,,HND
95,340,Honduras,656,01610,"Coffee, green",5510,Production,2001,2001,t,205545.0,A,,HND
95,340,Honduras,656,01610,"Coffee, green",5510,Production,2002,2002,t,172727.0,A,,HND
95,340,Honduras,656,01610,"Coffee, green",5510,Production,2003,2003,t,175284.0,A,,HND
95,340,Honduras,656,01610,"Coffee, green",5510,Production,2004,2004,t,185090.0,A,,HND
95,340,Honduras,656,01610,"Coffee, green",5510,Production,2005,2005,t,190640.0,A,,HND
95,340,Honduras,656,01610,"Coffee, green",5510,Production,2006,2006,t,213636.0,A,,HND
95,340,Honduras,656,01610,"Coffee, green",5510,Production,2007,2007,t,236302.0,A,,HND
95,340,Honduras,656,01610,"Coffee, green",5510,Production,2008,2008,t,240948.0,A,,HND
95,340,Honduras,656,01610,"Coffee, green",5510,Production,2009,2009,t,231288.0,A,,HND
95,340,Honduras,656,01610,"Coffee, green",5510,Production,2010,2010,t,244335.0,A,,HND
95,340,Honduras,656,01610,"Coffee, green",5510,Production,2011,2011,t,284347.0,A,,HND
95,340,Honduras,656,01610,"Coffee, green",5510,Production,2012,2012,t,343403.0,A,,HND
95,340,Honduras,656,01610,"Coffee, green",5510,Production,2013,2013,t,280697.0,A,,HND
95,340,Honduras,656,01610,"Coffee, green",5510,Production,2014,2014,t,282230.0,A,,HND
95,340,Honduras,656,01610,"Coffee, green",5510,Production,2015,2015,t,332747.0,A,,HND
95,340,Honduras,656,01610,"Coffee, green",5510,Production,2016,2016,t,366542.0,A,,HND
95,340,Honduras,656,01610,"Coffee, green",5510,Production,2017,2017,t,477580.0,A,,HND
95,340,Honduras,656,01610,"Coffee, green",5510,Production,2018,2018,t,478830.76,A,,HND
95,340,Honduras,656,01610,"Coffee, green",5510,Production,2019,2019,t,472497.96,A,,HND
95,340,Honduras,656,01610,"Coffee, green",5510,Production,2020,2020,t,364552.38,A,,HND
95,340,Honduras,656,01610,"Coffee, green",5510,Production,2021,2021,t,417591.24,A,,HND
95,340,Honduras,656,01610,"Coffee, green",5510,Production,2022,2022,t,330111.31,A,,HND
95,340,Honduras,656,01610,"Coffee, green",5510,Production,2023,2023,t,384361.02,A,,HND
95,340,Honduras,656,01610,"Coffee, green",5510,Production,2024,2024,t,324015.02,A,,HND
100,356,India,656,01610,"Coffee, green",5312,Area harvested,2000,2000,ha,308433.0,A,,IND
100,356,India,656,01610,"Coffee, green",5312,Area harvested,2001,2001,ha,313934.0,A,,IND
100,356,India,656,01610,"Coffee, green",5312,Area harvested,2002,2002,ha,320737.0,A,,IND
100,356,India,656,01610,"Coffee, green",5312,Area harvested,2003,2003,ha,320615.0,A,,IND
100,356,India,656,01610,"Coffee, green",5312,Area harvested,2004,2004,ha,325124.0,A,,IND
100,356,India,656,01610,"Coffee, green",5312,Area harvested,2005,2005,ha,333338.0,A,,IND
100,356,India,656,01610,"Coffee, green",5312,Area harvested,2006,2006,ha,341351.0,A,,IND
100,356,India,656,01610,"Coffee, green",5312,Area harvested,2007,2007,ha,343040.0,A,,IND
100,356,India,656,01610,"Coffee, green",5312,Area harvested,2008,2008,ha,344508.0,A,,IND
100,356,India,656,01610,"Coffee, green",5312,Area harvested,2009,2009,ha,350500.0,A,,IND
100,356,India,656,01610,"Coffee, green",5312,Area harvested,2010,2010,ha,355502.0,A,,IND
100,356,India,656,01610,"Coffee, green",5312,Area harvested,2011,2011,ha,360485.0,A,,IND
100,356,India,656,01610,"Coffee, green",5312,Area harvested,2012,2012,ha,368687.0,A,,IND
100,356,India,656,01610,"Coffee, green",5312,Area harvested,2013,2013,ha,376305.0,A,,IND
100,356,India,656,01610,"Coffee, green",5312,Area harvested,2014,2014,ha,381304.0,A,,IND
100,356,India,656,01610,"Coffee, green",5312,Area harvested,2015,2015,ha,423270.0,A,,IND
100,356,India,656,01610,"Coffee, green",5312,Area harvested,2016,2016,ha,434436.0,A,,IND
100,356,India,656,01610,"Coffee, green",5312,Area harvested,2017,2017,ha,449357.0,A,,IND
100,356,India,656,01610,"Coffee, green",5312,Area harvested,2018,2018,ha,413020.0,A,,IND
100,356,India,656,01610,"Coffee, green",5312,Area harvested,2019,2019,ha,416741.0,A,,IND
100,356,India,656,01610,"Coffee, green",5312,Area harvested,2020,2020,ha,418167.0,A,,IND
100,356,India,656,01610,"Coffee, green",5312,Area harvested,2021,2021,ha,422924.0,A,,IND
100,356,India,656,01610,"Coffee, green",5312,Area harvested,2022,2022,ha,479669.0,A,,IND
100,356,India,656,01610,"Coffee, green",5312,Area harvested,2023,2023,ha,489619.0,A,,IND
100,356,India,656,01610,"Coffee, green",5312,Area harvested,2024,2024,ha,491419.0,A,,IND
100,356,India,656,01610,"Coffee, green",5412,Yield,2000,2000,kg/ha,946.7,A,,IND
100,356,India,656,01610,"Coffee, green",5412,Yield,2001,2001,kg/ha,958.8,A,,IND
100,356,India,656,01610,"Coffee, green",5412,Yield,2002,2002,kg/ha,938.5,A,,IND
100,356,India,656,01610,"Coffee, green",5412,Yield,2003,2003,kg/ha,858.6,A,,IND
100,356,India,656,01610,"Coffee, green",5412,Yield,2004,2004,kg/ha,832.0,A,,IND
100,356,India,656,01610,"Coffee, green",5412,Yield,2005,2005,kg/ha,826.5,A,,IND
100,356,India,656,01610,"Coffee, green",5412,Yield,2006,2006,kg/ha,802.7,A,,IND
100,356,India,656,01610,"Coffee, green",5412,Yield,2007,2007,kg/ha,839.6,A,,IND
100,356,India,656,01610,"Coffee, green",5412,Yield,2008,2008,kg/ha,760.5,A,,IND
100,356,India,656,01610,"Coffee, green",5412,Yield,2009,2009,kg/ha,748.4,A,,IND
100,356,India,656,01610,"Coffee, green",5412,Yield,2010,2010,kg/ha,814.6,A,,IND
100,356,India,656,01610,"Coffee, green",5412,Yield,2011,2011,kg/ha,837.8,A,,IND
100,356,India,656,01610,"Coffee, green",5412,Yield,2012,2012,kg/ha,851.7,A,,IND
100,356,India,656,01610,"Coffee, green",5412,Yield,2013,2013,kg/ha,845.6,A,,IND
100,356,India,656,01610,"Coffee, green",5412,Yield,2014,2014,kg/ha,798.6,A,,IND
100,356,India,656,01610,"Coffee, green",5412,Yield,2015,2015,kg/ha,772.6,A,,IND
100,356,India,656,01610,"Coffee, green",5412,Yield,2016,2016,kg/ha,801.0,A,,IND
100,356,India,656,01610,"Coffee, green",5412,Yield,2017,2017,kg/ha,694.3,A,,IND
100,356,India,656,01610,"Coffee, green",5412,Yield,2018,2018,kg/ha,765.1,A,,IND
100,356,India,656,01610,"Coffee, green",5412,Yield,2019,2019,kg/ha,766.7,A,,IND
100,356,India,656,01610,"Coffee, green",5412,Yield,2020,2020,kg/ha,712.6,A,,IND
100,356,India,656,01610,"Coffee, green",5412,Yield,2021,2021,kg/ha,789.7,A,,IND
100,356,India,656,01610,"Coffee, green",5412,Yield,2022,2022,kg/ha,733.8,A,,IND
100,356,India,656,01610,"Coffee, green",5412,Yield,2023,2023,kg/ha,736.3,A,,IND
100,356,India,656,01610,"Coffee, green",5412,Yield,2024,2024,kg/ha,738.7,A,,IND
100,356,India,656,01610,"Coffee, green",5510,Production,2000,2000,t,292000.0,A,,IND
100,356,India,656,01610,"Coffee, green",5510,Production,2001,2001,t,301000.0,A,,IND
100,356,India,656,01610,"Coffee, green",5510,Production,2002,2002,t,301000.0,A,,IND
100,356,India,656,01610,"Coffee, green",5510,Production,2003,2003,t,275275.0,A,,IND
100,356,India,656,01610,"Coffee, green",5510,Production,2004,2004,t,270500.0,A,,IND
100,356,India,656,01610,"Coffee, green",5510,Production,2005,2005,t,275500.0,A,,IND
100,356,India,656,01610,"Coffee, green",5510,Production,2006,2006,t,274000.0,A,,IND
100,356,India,656,01610,"Coffee, green",5510,Production,2007,2007,t,288000.0,A,,IND
100,356,India,656,01610,"Coffee, green",5510,Production,2008,2008,t,262000.0,A,,IND
100,356,India,656,01610,"Coffee, green",5510,Production,2009,2009,t,262300.0,A,,IND
100,356,India,656,01610,"Coffee, green",5510,Production,2010,2010,t,289600.0,A,,IND
100,356,India,656,01610,"Coffee, green",5510,Production,2011,2011,t,302000.0,A,,IND
100,356,India,656,01610,"Coffee, green",5510,Production,2012,2012,t,314000.0,A,,IND
100,356,India,656,01610,"Coffee, green",5510,Production,2013,2013,t,318200.0,A,,IND
100,356,India,656,01610,"Coffee, green",5510,Production,2014,2014,t,304500.0,A,,IND
100,356,India,656,01610,"Coffee, green",5510,Production,2015,2015,t,327000.0,A,,IND
100,356,India,656,01610,"Coffee, green",5510,Production,2016,2016,t,348000.0,A,,IND
100,356,India,656,01610,"Coffee, green",5510,Production,2017,2017,t,312000.0,A,,IND
100,356,India,656,01610,"Coffee, green",5510,Production,2018,2018,t,316000.0,A,,IND
100,356,India,656,01610,"Coffee, green",5510,Production,2019,2019,t,319500.0,A,,IND
100,356,India,656,01610,"Coffee, green",5510,Production,2020,2020,t,298000.0,A,,IND
100,356,India,656,01610,"Coffee, green",5510,Production,2021,2021,t,334000.0,A,,IND
100,356,India,656,01610,"Coffee, green",5510,Production,2022,2022,t,352000.0,A,,IND
100,356,India,656,01610,"Coffee, green",5510,Production,2023,2023,t,360500.0,A,,IND
100,356,India,656,01610,"Coffee, green",5510,Production,2024,2024,t,363000.0,A,,IND
101,360,Indonesia,656,01610,"Coffee, green",5312,Area harvested,2000,2000,ha,1260687.0,A,,IDN
101,360,Indonesia,656,01610,"Coffee, green",5312,Area harvested,2001,2001,ha,1313383.0,A,,IDN
101,360,Indonesia,656,01610,"Coffee, green",5312,Area harvested,2002,2002,ha,1372184.0,A,,IDN
101,360,Indonesia,656,01610,"Coffee, green",5312,Area harvested,2003,2003,ha,1381730.0,A,,IDN
101,360,Indonesia,656,01610,"Coffee, green",5312,Area harvested,2004,2004,ha,1303943.0,A,,IDN
101,360,Indonesia,656,01610,"Coffee, green",5312,Area harvested,2005,2005,ha,1255272.0,A,,IDN
101,360,Indonesia,656,01610,"Coffee, green",5312,Area harvested,2006,2006,ha,1308732.0,A,,IDN
101,360,Indonesia,656,01610,"Coffee, green",5312,Area harvested,2007,2007,ha,1295912.0,A,,IDN
101,360,Indonesia,656,01610,"Coffee, green",5312,Area harvested,2008,2008,ha,1295111.0,A,,IDN
101,360,Indonesia,656,01610,"Coffee, green",5312,Area harvested,2009,2009,ha,1266235.0,A,,IDN
101,360,Indonesia,656,01610,"Coffee, green",5312,Area harvested,2010,2010,ha,1268476.0,A,,IDN
101,360,Indonesia,656,01610,"Coffee, green",5312,Area harvested,2011,2011,ha,1293000.0,A,,IDN
101,360,Indonesia,656,01610,"Coffee, green",5312,Area harvested,2012,2012,ha,1233900.0,A,,IDN
101,360,Indonesia,656,01610,"Coffee, green",5312,Area harvested,2013,2013,ha,1241700.0,A,,IDN
101,360,Indonesia,656,01610,"Coffee, green",5312,Area harvested,2014,2014,ha,1230500.0,A,,IDN
101,360,Indonesia,656,01610,"Coffee, green",5312,Area harvested,2015,2015,ha,1230001.0,A,,IDN
101,360,Indonesia,656,01610,"Coffee, green",5312,Area harvested,2016,2016,ha,1228512.0,A,,IDN
101,360,Indonesia,656,01610,"Coffee, green",5312,Area harvested,2017,2017,ha,1238598.0,A,,IDN
101,360,Indonesia,656,01610,"Coffee, green",5312,Area harvested,2018,2018,ha,1252826.0,A,,IDN
101,360,Indonesia,656,01610,"Coffee, green",5312,Area harvested,2019,2019,ha,1245359.0,A,,IDN
101,360,Indonesia,656,01610,"Coffee, green",5312,Area harvested,2020,2020,ha,1250452.0,A,,IDN
101,360,Indonesia,656,01610,"Coffee, green",5312,Area harvested,2021,2021,ha,1279570.0,A,,IDN
101,360,Indonesia,656,01610,"Coffee, green",5312,Area harvested,2022,2022,ha,1265961.0,A,,IDN
101,360,Indonesia,656,01610,"Coffee, green",5312,Area harvested,2023,2023,ha,1266848.0,A,,IDN
101,360,Indonesia,656,01610,"Coffee, green",5312,Area harvested,2024,2024,ha,1269354.0,A,,IDN
101,360,Indonesia,656,01610,"Coffee, green",5412,Yield,2000,2000,kg/ha,439.9,A,,IDN
101,360,Indonesia,656,01610,"Coffee, green",5412,Yield,2001,2001,kg/ha,433.4,A,,IDN
101,360,Indonesia,656,01610,"Coffee, green",5412,Yield,2002,2002,kg/ha,497.0,A,,IDN
101,360,Indonesia,656,01610,"Coffee, green",5412,Yield,2003,2003,kg/ha,480.2,A,,IDN
101,360,Indonesia,656,01610,"Coffee, green",5412,Yield,2004,2004,kg/ha,496.5,A,,IDN
101,360,Indonesia,656,01610,"Coffee, green",5412,Yield,2005,2005,kg/ha,510.1,A,,IDN
101,360,Indonesia,656,01610,"Coffee, green",5412,Yield,2006,2006,kg/ha,521.2,A,,IDN
101,360,Indonesia,656,01610,"Coffee, green",5412,Yield,2007,2007,kg/ha,522.0,A,,IDN
101,360,Indonesia,656,01610,"Coffee, green",5412,Yield,2008,2008,kg/ha,539.0,A,,IDN
101,360,Indonesia,656,01610,"Coffee, green",5412,Yield,2009,2009,kg/ha,539.1,A,,IDN
101,360,Indonesia,656,01610,"Coffee, green",5412,Yield,2010,2010,kg/ha,539.3,A,,IDN
101,360,Indonesia,656,01610,"Coffee, green",5412,Yield,2011,2011,kg/ha,493.9,A,,IDN
101,360,Indonesia,656,01610,"Coffee, green",5412,Yield,2012,2012,kg/ha,560.1,A,,IDN
101,360,Indonesia,656,01610,"Coffee, green",5412,Yield,2013,2013,kg/ha,544.3,A,,IDN
101,360,Indonesia,656,01610,"Coffee, green",5412,Yield,2014,2014,kg/ha,523.3,A,,IDN
101,360,Indonesia,656,01610,"Coffee, green",5412,Yield,2015,2015,kg/ha,519.8,A,,IDN
101,360,Indonesia,656,01610,"Coffee, green",5412,Yield,2016,2016,kg/ha,520.4,A,,IDN
101,360,Indonesia,656,01610,"Coffee, green",5412,Yield,2017,2017,kg/ha,579.7,A,,IDN
101,360,Indonesia,656,01610,"Coffee, green",5412,Yield,2018,2018,kg/ha,603.5,A,,IDN
101,360,Indonesia,656,01610,"Coffee, green",5412,Yield,2019,2019,kg/ha,604.3,A,,IDN
101,360,Indonesia,656,01610,"Coffee, green",5412,Yield,2020,2020,kg/ha,609.7,A,,IDN
101,360,Indonesia,656,01610,"Coffee, green",5412,Yield,2021,2021,kg/ha,614.4,A,,IDN
101,360,Indonesia,656,01610,"Coffee, green",5412,Yield,2022,2022,kg/ha,612.2,A,,IDN
101,360,Indonesia,656,01610,"Coffee, green",5412,Yield,2023,2023,kg/ha,598.9,A,,IDN
101,360,Indonesia,656,01610,"Coffee, green",5412,Yield,2024,2024,kg/ha,636.2,A,,IDN
101,360,Indonesia,656,01610,"Coffee, green",5510,Production,2000,2000,t,554574.0,A,,IDN
101,360,Indonesia,656,01610,"Coffee, green",5510,Production,2001,2001,t,569234.0,A,,IDN
101,360,Indonesia,656,01610,"Coffee, green",5510,Production,2002,2002,t,682019.0,A,,IDN
101,360,Indonesia,656,01610,"Coffee, green",5510,Production,2003,2003,t,663571.0,A,,IDN
101,360,Indonesia,656,01610,"Coffee, green",5510,Production,2004,2004,t,647385.0,A,,IDN
101,360,Indonesia,656,01610,"Coffee, green",5510,Production,2005,2005,t,640365.0,A,,IDN
101,360,Indonesia,656,01610,"Coffee, green",5510,Production,2006,2006,t,682158.0,A,,IDN
101,360,Indonesia,656,01610,"Coffee, green",5510,Production,2007,2007,t,676475.0,A,,IDN
101,360,Indonesia,656,01610,"Coffee, green",5510,Production,2008,2008,t,698016.0,A,,IDN
101,360,Indonesia,656,01610,"Coffee, green",5510,Production,2009,2009,t,682591.0,A,,IDN
101,360,Indonesia,656,01610,"Coffee, green",5510,Production,2010,2010,t,684076.0,A,,IDN
101,360,Indonesia,656,01610,"Coffee, green",5510,Production,2011,2011,t,638600.0,A,,IDN
101,360,Indonesia,656,01610,"Coffee, green",5510,Production,2012,2012,t,691163.0,A,,IDN
101,360,Indonesia,656,01610,"Coffee, green",5510,Production,2013,2013,t,675800.0,A,,IDN
101,360,Indonesia,656,01610,"Coffee, green",5510,Production,2014,2014,t,643900.0,A,,IDN
101,360,Indonesia,656,01610,"Coffee, green",5510,Production,2015,2015,t,639412.0,A,,IDN
101,360,Indonesia,656,01610,"Coffee, green",5510,Production,2016,2016,t,639305.0,A,,IDN
101,360,Indonesia,656,01610,"Coffee, green",5510,Production,2017,2017,t,717962.0,A,,IDN
101,360,Indonesia,656,01610,"Coffee, green",5510,Production,2018,2018,t,756051.0,A,,IDN
101,360,Indonesia,656,01610,"Coffee, green",5510,Production,2019,2019,t,752512.0,A,,IDN
101,360,Indonesia,656,01610,"Coffee, green",5510,Production,2020,2020,t,762380.0,A,,IDN
101,360,Indonesia,656,01610,"Coffee, green",5510,Production,2021,2021,t,786191.0,A,,IDN
101,360,Indonesia,656,01610,"Coffee, green",5510,Production,2022,2022,t,774960.53,A,,IDN
101,360,Indonesia,656,01610,"Coffee, green",5510,Production,2023,2023,t,758725.0,A,,IDN
101,360,Indonesia,656,01610,"Coffee, green",5510,Production,2024,2024,t,807578.0,A,,IDN
138,484,Mexico,656,01610,"Coffee, green",5312,Area harvested,2000,2000,ha,701326.0,A,,MEX
138,484,Mexico,656,01610,"Coffee, green",5312,Area harvested,2001,2001,ha,747416.0,A,,MEX
138,484,Mexico,656,01610,"Coffee, green",5312,Area harvested,2002,2002,ha,724558.0,A,,MEX
138,484,Mexico,656,01610,"Coffee, green",5312,Area harvested,2003,2003,ha,742837.0,A,,MEX
138,484,Mexico,656,01610,"Coffee, green",5312,Area harvested,2004,2004,ha,760581.0,A,,MEX
138,484,Mexico,656,01610,"Coffee, green",5312,Area harvested,2005,2005,ha,762261.0,A,,MEX
138,484,Mexico,656,01610,"Coffee, green",5312,Area harvested,2006,2006,ha,763418.0,A,,MEX
138,484,Mexico,656,01610,"Coffee, green",5312,Area harvested,2007,2007,ha,772036.0,A,,MEX
138,484,Mexico,656,01610,"Coffee, green",5312,Area harvested,2008,2008,ha,766984.0,A,,MEX
138,484,Mexico,656,01610,"Coffee, green",5312,Area harvested,2009,2009,ha,765697.0,A,,MEX
138,484,Mexico,656,01610,"Coffee, green",5312,Area harvested,2010,2010,ha,741410.0,A,,MEX
138,484,Mexico,656,01610,"Coffee, green",5312,Area harvested,2011,2011,ha,688208.0,A,,MEX
138,484,Mexico,656,01610,"Coffee, green",5312,Area harvested,2012,2012,ha,695350.0,A,,MEX
138,484,Mexico,656,01610,"Coffee, green",5312,Area harvested,2013,2013,ha,700117.0,A,,MEX
138,484,Mexico,656,01610,"Coffee, green",5312,Area harvested,2014,2014,ha,699307.0,A,,MEX
138,484,Mexico,656,01610,"Coffee, green",5312,Area harvested,2015,2015,ha,664885.0,A,,MEX
138,484,Mexico,656,01610,"Coffee, green",5312,Area harvested,2016,2016,ha,645638.0,A,,MEX
138,484,Mexico,656,01610,"Coffee, green",5312,Area harvested,2017,2017,ha,638603.0,A,,MEX
138,484,Mexico,656,01610,"Coffee, green",5312,Area harvested,2018,2018,ha,629799.0,A,,MEX
138,484,Mexico,656,01610,"Coffee, green",5312,Area harvested,2019,2019,ha,629300.0,A,,MEX
138,484,Mexico,656,01610,"Coffee, green",5312,Area harvested,2020,2020,ha,636004.0,A,,MEX
138,484,Mexico,656,01610,"Coffee, green",5312,Area harvested,2021,2021,ha,641799.0,A,,MEX
138,484,Mexico,656,01610,"Coffee, green",5312,Area harvested,2022,2022,ha,648487.0,A,,MEX
138,484,Mexico,656,01610,"Coffee, green",5312,Area harvested,2023,2023,ha,654693.0,A,,MEX
138,484,Mexico,656,01610,"Coffee, green",5312,Area harvested,2024,2024,ha,659699.0,A,,MEX
138,484,Mexico,656,01610,"Coffee, green",5412,Yield,2000,2000,kg/ha,482.2,A,,MEX
138,484,Mexico,656,01610,"Coffee, green",5412,Yield,2001,2001,kg/ha,405.4,A,,MEX
138,484,Mexico,656,01610,"Coffee, green",5412,Yield,2002,2002,kg/ha,432.0,A,,MEX
138,484,Mexico,656,01610,"Coffee, green",5412,Yield,2003,2003,kg/ha,418.5,A,,MEX
138,484,Mexico,656,01610,"Coffee, green",5412,Yield,2004,2004,kg/ha,410.8,A,,MEX
138,484,Mexico,656,01610,"Coffee, green",5412,Yield,2005,2005,kg/ha,386.2,A,,MEX
138,484,Mexico,656,01610,"Coffee, green",5412,Yield,2006,2006,kg/ha,366.3,A,,MEX
138,484,Mexico,656,01610,"Coffee, green",5412,Yield,2007,2007,kg/ha,347.9,A,,MEX
138,484,Mexico,656,01610,"Coffee, green",5412,Yield,2008,2008,kg/ha,339.6,A,,MEX
138,484,Mexico,656,01610,"Coffee, green",5412,Yield,2009,2009,kg/ha,345.4,A,,MEX
138,484,Mexico,656,01610,"Coffee, green",5412,Yield,2010,2010,kg/ha,330.8,A,,MEX
138,484,Mexico,656,01610,"Coffee, green",5412,Yield,2011,2011,kg/ha,344.5,A,,MEX
138,484,Mexico,656,01610,"Coffee, green",5412,Yield,2012,2012,kg/ha,354.0,A,,MEX
138,484,Mexico,656,01610,"Coffee, green",5412,Yield,2013,2013,kg/ha,330.8,A,,MEX
138,484,Mexico,656,01610,"Coffee, green",5412,Yield,2014,2014,kg/ha,307.0,A,,MEX
138,484,Mexico,656,01610,"Coffee, green",5412,Yield,2015,2015,kg/ha,284.2,A,,MEX
138,484,Mexico,656,01610,"Coffee, green",5412,Yield,2016,2016,kg/ha,235.0,A,,MEX
138,484,Mexico,656,01610,"Coffee, green",5412,Yield,2017,2017,kg/ha,240.8,A,,MEX
138,484,Mexico,656,01610,"Coffee, green",5412,Yield,2018,2018,kg/ha,251.4,A,,MEX
138,484,Mexico,656,01610,"Coffee, green",5412,Yield,2019,2019,kg/ha,263.3,A,,MEX
138,484,Mexico,656,01610,"Coffee, green",5412,Yield,2020,2020,kg/ha,276.0,A,,MEX
138,484,Mexico,656,01610,"Coffee, green",5412,Yield,2021,2021,kg/ha,271.6,A,,MEX
138,484,Mexico,656,01610,"Coffee, green",5412,Yield,2022,2022,kg/ha,291.0,E,,MEX
138,484,Mexico,656,01610,"Coffee, green",5412,Yield,2023,2023,kg/ha,297.8,E,,MEX
138,484,Mexico,656,01610,"Coffee, green",5412,Yield,2024,2024,kg/ha,294.8,E,,MEX
138,484,Mexico,656,01610,"Coffee, green",5510,Production,2000,2000,t,338170.0,A,,MEX
138,484,Mexico,656,01610,"Coffee, green",5510,Production,2001,2001,t,302996.0,A,,MEX
138,484,Mexico,656,01610,"Coffee, green",5510,Production,2002,2002,t,313027.0,A,,MEX
138,484,Mexico,656,01610,"Coffee, green",5510,Production,2003,2003,t,310861.0,A,,MEX
138,484,Mexico,656,01610,"Coffee, green",5510,Production,2004,2004,t,312413.0,A,,MEX
138,484,Mexico,656,01610,"Coffee, green",5510,Production,2005,2005,t,294364.0,A,,MEX
138,484,Mexico,656,01610,"Coffee, green",5510,Production,2006,2006,t,279635.0,A,,MEX
138,484,Mexico,656,01610,"Coffee, green",5510,Production,2007,2007,t,268565.0,A,,MEX
138,484,Mexico,656,01610,"Coffee, green",5510,Production,2008,2008,t,260442.0,A,,MEX
138,484,Mexico,656,01610,"Coffee, green",5510,Production,2009,2009,t,264472.0,A,,MEX
138,484,Mexico,656,01610,"Coffee, green",5510,Production,2010,2010,t,245271.0,A,,MEX
138,484,Mexico,656,01610,"Coffee, green",5510,Production,2011,2011,t,237056.0,A,,MEX
138,484,Mexico,656,01610,"Coffee, green",5510,Production,2012,2012,t,246121.0,A,,MEX
138,484,Mexico,656,01610,"Coffee, green",5510,Production,2013,2013,t,231596.0,A,,MEX
138,484,Mexico,656,01610,"Coffee, green",5510,Production,2014,2014,t,214667.0,A,,MEX
138,484,Mexico,656,01610,"Coffee, green",5510,Production,2015,2015,t,188934.0,A,,MEX
138,484,Mexico,656,01610,"Coffee, green",5510,Production,2016,2016,t,151714.0,A,,MEX
138,484,Mexico,656,01610,"Coffee, green",5510,Production,2017,2017,t,153777.4,A,,MEX
138,484,Mexico,656,01610,"Coffee, green",5510,Production,2018,2018,t,158307.99,A,,MEX
138,484,Mexico,656,01610,"Coffee, green",5510,Production,2019,2019,t,165712.27,A,,MEX
138,484,Mexico,656,01610,"Coffee, green",5510,Production,2020,2020,t,175554.62,A,,MEX
138,484,Mexico,656,01610,"Coffee, green",5510,Production,2021,2021,t,174341.4,A,,MEX
138,484,Mexico,656,01610,"Coffee, green",5510,Production,2022,2022,t,188710.0,E,,MEX
138,484,Mexico,656,01610,"Coffee, green",5510,Production,2023,2023,t,194940.0,E,,MEX
138,484,Mexico,656,01610,"Coffee, green",5510,Production,2024,2024,t,194470.0,E,,MEX
157,558,Nicaragua,656,01610,"Coffee, green",5312,Area harvested,2000,2000,ha,107865.0,A,,NIC
157,558,Nicaragua,656,01610,"Coffee, green",5312,Area harvested,2001,2001,ha,108848.0,A,,NIC
157,558,Nicaragua,656,01610,"Coffee, green",5312,Area harvested,2002,2002,ha,115200.0,A,,NIC
157,558,Nicaragua,656,01610,"Coffee, green",5312,Area harvested,2003,2003,ha,115200.0,A,,NIC
157,558,Nicaragua,656,01610,"Coffee, green",5312,Area harvested,2004,2004,ha,115200.0,A,,NIC
157,558,Nicaragua,656,01610,"Coffee, green",5312,Area harvested,2005,2005,ha,126879.0,A,,NIC
157,558,Nicaragua,656,01610,"Coffee, green",5312,Area harvested,2006,2006,ha,114189.0,A,,NIC
157,558,Nicaragua,656,01610,"Coffee, green",5312,Area harvested,2007,2007,ha,126879.0,A,,NIC
157,558,Nicaragua,656,01610,"Coffee, green",5312,Area harvested,2008,2008,ha,115883.0,A,,NIC
157,558,Nicaragua,656,01610,"Coffee, green",5312,Area harvested,2009,2009,ha,118679.0,A,,NIC
157,558,Nicaragua,656,01610,"Coffee, green",5312,Area harvested,2010,2010,ha,113680.0,A,,NIC
157,558,Nicaragua,656,01610,"Coffee, green",5312,Area harvested,2011,2011,ha,120283.0,A,,NIC
157,558,Nicaragua,656,01610,"Coffee, green",5312,Area harvested,2012,2012,ha,119927.0,A,,NIC
157,558,Nicaragua,656,01610,"Coffee, green",5312,Area harvested,2013,2013,ha,108830.0,A,,NIC
157,558,Nicaragua,656,01610,"Coffee, green",5312,Area harvested,2014,2014,ha,105519.0,A,,NIC
157,558,Nicaragua,656,01610,"Coffee, green",5312,Area harvested,2015,2015,ha,115454.0,A,,NIC
157,558,Nicaragua,656,01610,"Coffee, green",5312,Area harvested,2016,2016,ha,120497.0,A,,NIC
157,558,Nicaragua,656,01610,"Coffee, green",5312,Area harvested,2017,2017,ha,133533.0,I,,NIC
157,558,Nicaragua,656,01610,"Coffee, green",5312,Area harvested,2018,2018,ha,133836.0,A,,NIC
157,558,Nicaragua,656,01610,"Coffee, green",5312,Area harvested,2019,2019,ha,147671.0,A,,NIC
157,558,Nicaragua,656,01610,"Coffee, green",5312,Area harvested,2020,2020,ha,149418.0,A,,NIC
157,558,Nicaragua,656,01610,"Coffee, green",5312,Area harvested,2021,2021,ha,157786.0,A,,NIC
157,558,Nicaragua,656,01610,"Coffee, green",5312,Area harvested,2022,2022,ha,163421.0,A,,NIC
157,558,Nicaragua,656,01610,"Coffee, green",5312,Area harvested,2023,2023,ha,148393.0,A,,NIC
157,558,Nicaragua,656,01610,"Coffee, green",5412,Yield,2000,2000,kg/ha,762.1,A,,NIC
157,558,Nicaragua,656,01610,"Coffee, green",5412,Yield,2001,2001,kg/ha,613.7,A,,NIC
157,558,Nicaragua,656,01610,"Coffee, green",5412,Yield,2002,2002,kg/ha,522.9,A,,NIC
157,558,Nicaragua,656,01610,"Coffee, green",5412,Yield,2003,2003,kg/ha,718.1,A,,NIC
157,558,Nicaragua,656,01610,"Coffee, green",5412,Yield,2004,2004,kg/ha,499.4,A,,NIC
157,558,Nicaragua,656,01610,"Coffee, green",5412,Yield,2005,2005,kg/ha,752.3,A,,NIC
157,558,Nicaragua,656,01610,"Coffee, green",5412,Yield,2006,2006,kg/ha,617.0,A,,NIC
157,558,Nicaragua,656,01610,"Coffee, green",5412,Yield,2007,2007,kg/ha,788.2,A,,NIC
157,558,Nicaragua,656,01610,"Coffee, green",5412,Yield,2008,2008,kg/ha,655.5,A,,NIC
157,558,Nicaragua,656,01610,"Coffee, green",5412,Yield,2009,2009,kg/ha,776.9,A,,NIC
157,558,Nicaragua,656,01610,"Coffee, green",5412,Yield,2010,2010,kg/ha,692.4,A,,NIC
157,558,Nicaragua,656,01610,"Coffee, green",5412,Yield,2011,2011,kg/ha,863.6,A,,NIC
157,558,Nicaragua,656,01610,"Coffee, green",5412,Yield,2012,2012,kg/ha,725.0,A,,NIC
157,558,Nicaragua,656,01610,"Coffee, green",5412,Yield,2013,2013,kg/ha,773.2,A,,NIC
157,558,Nicaragua,656,01610,"Coffee, green",5412,Yield,2014,2014,kg/ha,815.9,A,,NIC
157,558,Nicaragua,656,01610,"Coffee, green",5412,Yield,2015,2015,kg/ha,825.0,A,,NIC
157,558,Nicaragua,656,01610,"Coffee, green",5412,Yield,2016,2016,kg/ha,1016.4,A,,NIC
157,558,Nicaragua,656,01610,"Coffee, green",5412,Yield,2017,2017,kg/ha,959.4,E,,NIC
157,558,Nicaragua,656,01610,"Coffee, green",5412,Yield,2018,2018,kg/ha,1060.5,A,,NIC
157,558,Nicaragua,656,01610,"Coffee, green",5412,Yield,2019,2019,kg/ha,1062.5,A,,NIC
157,558,Nicaragua,656,01610,"Coffee, green",5412,Yield,2020,2020,kg/ha,1033.4,A,,NIC
157,558,Nicaragua,656,01610,"Coffee, green",5412,Yield,2021,2021,kg/ha,1049.3,A,,NIC
157,558,Nicaragua,656,01610,"Coffee, green",5412,Yield,2022,2022,kg/ha,1041.4,A,,NIC
157,558,Nicaragua,656,01610,"Coffee, green",5412,Yield,2023,2023,kg/ha,965.9,A,,NIC
157,558,Nicaragua,656,01610,"Coffee, green",5510,Production,2000,2000,t,82206.0,A,,NIC
157,558,Nicaragua,656,01610,"Coffee, green",5510,Production,2001,2001,t,66799.0,A,,NIC
157,558,Nicaragua,656,01610,"Coffee, green",5510,Production,2002,2002,t,60235.0,A,,NIC
157,558,Nicaragua,656,01610,"Coffee, green",5510,Production,2003,2003,t,82727.0,A,,NIC
157,558,Nicaragua,656,01610,"Coffee, green",5510,Production,2004,2004,t,57533.0,A,,NIC
157,558,Nicaragua,656,01610,"Coffee, green",5510,Production,2005,2005,t,95455.0,A,,NIC
157,558,Nicaragua,656,01610,"Coffee, green",5510,Production,2006,2006,t,70455.0,A,,NIC
157,558,Nicaragua,656,01610,"Coffee, green",5510,Production,2007,2007,t,100000.0,A,,NIC
157,558,Nicaragua,656,01610,"Coffee, green",5510,Production,2008,2008,t,75957.0,A,,NIC
157,558,Nicaragua,656,01610,"Coffee, green",5510,Production,2009,2009,t,92204.55,A,,NIC
157,558,Nicaragua,656,01610,"Coffee, green",5510,Production,2010,2010,t,78712.27,A,,NIC
157,558,Nicaragua,656,01610,"Coffee, green",5510,Production,2011,2011,t,103881.73,A,,NIC
157,558,Nicaragua,656,01610,"Coffee, green",5510,Production,2012,2012,t,86943.73,A,,NIC
157,558,Nicaragua,656,01610,"Coffee, green",5510,Production,2013,2013,t,84146.33,A,,NIC
157,558,Nicaragua,656,01610,"Coffee, green",5510,Production,2014,2014,t,86089.58,A,,NIC
157,558,Nicaragua,656,01610,"Coffee, green",5510,Production,2015,2015,t,95254.51,A,,NIC
157,558,Nicaragua,656,01610,"Coffee, green",5510,Production,2016,2016,t,122470.09,A,,NIC
157,558,Nicaragua,656,01610,"Coffee, green",5510,Production,2017,2017,t,128111.06,A,,NIC
157,558,Nicaragua,656,01610,"Coffee, green",5510,Production,2018,2018,t,141931.0,A,,NIC
157,558,Nicaragua,656,01610,"Coffee, green",5510,Production,2019,2019,t,156902.0,A,,NIC
157,558,Nicaragua,656,01610,"Coffee, green",5510,Production,2020,2020,t,154409.87,A,,NIC
157,558,Nicaragua,656,01610,"Coffee, green",5510,Production,2021,2021,t,165558.38,A,,NIC
157,558,Nicaragua,656,01610,"Coffee, green",5510,Production,2022,2022,t,170180.53,A,,NIC
157,558,Nicaragua,656,01610,"Coffee, green",5510,Production,2023,2023,t,143336.66,A,,NIC
170,604,Peru,656,01610,"Coffee, green",5312,Area harvested,2000,2000,ha,264492.0,A,,PER
170,604,Peru,656,01610,"Coffee, green",5312,Area harvested,2001,2001,ha,274252.0,A,,PER
170,604,Peru,656,01610,"Coffee, green",5312,Area harvested,2002,2002,ha,287379.0,A,,PER
170,604,Peru,656,01610,"Coffee, green",5312,Area harvested,2003,2003,ha,291844.0,A,,PER
170,604,Peru,656,01610,"Coffee, green",5312,Area harvested,2004,2004,ha,295139.0,A,,PER
170,604,Peru,656,01610,"Coffee, green",5312,Area harvested,2005,2005,ha,301534.0,A,,PER
170,604,Peru,656,01610,"Coffee, green",5312,Area harvested,2006,2006,ha,321449.0,A,,PER
170,604,Peru,656,01610,"Coffee, green",5312,Area harvested,2007,2007,ha,324062.0,A,,PER
170,604,Peru,656,01610,"Coffee, green",5312,Area harvested,2008,2008,ha,333388.0,A,,PER
170,604,Peru,656,01610,"Coffee, green",5312,Area harvested,2009,2009,ha,342621.0,A,,PER
170,604,Peru,656,01610,"Coffee, green",5312,Area harvested,2010,2010,ha,349633.0,A,,PER
170,604,Peru,656,01610,"Coffee, green",5312,Area harvested,2011,2011,ha,367096.0,A,,PER
170,604,Peru,656,01610,"Coffee, green",5312,Area harvested,2012,2012,ha,370632.0,A,,PER
170,604,Peru,656,01610,"Coffee, green",5312,Area harvested,2013,2013,ha,399523.0,A,,PER
170,604,Peru,656,01610,"Coffee, green",5312,Area harvested,2014,2014,ha,361671.0,A,,PER
170,604,Peru,656,01610,"Coffee, green",5312,Area harvested,2015,2015,ha,379187.0,A,,PER
170,604,Peru,656,01610,"Coffee, green",5312,Area harvested,2016,2016,ha,383973.0,A,,PER
170,604,Peru,656,01610,"Coffee, green",5312,Area harvested,2017,2017,ha,424129.0,A,,PER
170,604,Peru,656,01610,"Coffee, green",5312,Area harvested,2018,2018,ha,432409.0,A,,PER
170,604,Peru,656,01610,"Coffee, green",5312,Area harvested,2019,2019,ha,438177.0,A,,PER
170,604,Peru,656,01610,"Coffee, green",5312,Area harvested,2020,2020,ha,430820.0,A,,PER
170,604,Peru,656,01610,"Coffee, green",5312,Area harvested,2021,2021,ha,429717.0,A,,PER
170,604,Peru,656,01610,"Coffee, green",5312,Area harvested,2022,2022,ha,418790.0,A,,PER
170,604,Peru,656,01610,"Coffee, green",5312,Area harvested,2023,2023,ha,428738.0,A,,PER
170,604,Peru,656,01610,"Coffee, green",5312,Area harvested,2024,2024,ha,421972.0,A,,PER
170,604,Peru,656,01610,"Coffee, green",5412,Yield,2000,2000,kg/ha,724.6,A,,PER
170,604,Peru,656,01610,"Coffee, green",5412,Yield,2001,2001,kg/ha,715.5,A,,PER
170,604,Peru,656,01610,"Coffee, green",5412,Yield,2002,2002,kg/ha,740.4,A,,PER
170,604,Peru,656,01610,"Coffee, green",5412,Yield,2003,2003,kg/ha,696.1,A,,PER
170,604,Peru,656,01610,"Coffee, green",5412,Yield,2004,2004,kg/ha,784.2,A,,PER
170,604,Peru,656,01610,"Coffee, green",5412,Yield,2005,2005,kg/ha,625.5,A,,PER
170,604,Peru,656,01610,"Coffee, green",5412,Yield,2006,2006,kg/ha,849.8,A,,PER
170,604,Peru,656,01610,"Coffee, green",5412,Yield,2007,2007,kg/ha,697.4,A,,PER
170,604,Peru,656,01610,"Coffee, green",5412,Yield,2008,2008,kg/ha,821.2,A,,PER
170,604,Peru,656,01610,"Coffee, green",5412,Yield,2009,2009,kg/ha,710.6,A,,PER
170,604,Peru,656,01610,"Coffee, green",5412,Yield,2010,2010,kg/ha,756.8,A,,PER
170,604,Peru,656,01610,"Coffee, green",5412,Yield,2011,2011,kg/ha,903.2,A,,PER
170,604,Peru,656,01610,"Coffee, green",5412,Yield,2012,2012,kg/ha,863.8,A,,PER
170,604,Peru,656,01610,"Coffee, green",5412,Yield,2013,2013,kg/ha,641.4,A,,PER
170,604,Peru,656,01610,"Coffee, green",5412,Yield,2014,2014,kg/ha,613.9,A,,PER
170,604,Peru,656,01610,"Coffee, green",5412,Yield,2015,2015,kg/ha,664.4,A,,PER
170,604,Peru,656,01610,"Coffee, green",5412,Yield,2016,2016,kg/ha,723.4,A,,PER
170,604,Peru,656,01610,"Coffee, green",5412,Yield,2017,2017,kg/ha,795.3,A,,PER
170,604,Peru,656,01610,"Coffee, green",5412,Yield,2018,2018,kg/ha,854.8,A,,PER
170,604,Peru,656,01610,"Coffee, green",5412,Yield,2019,2019,kg/ha,829.2,A,,PER
170,604,Peru,656,01610,"Coffee, green",5412,Yield,2020,2020,kg/ha,819.8,A,,PER
170,604,Peru,656,01610,"Coffee, green",5412,Yield,2021,2021,kg/ha,847.1,A,,PER
170,604,Peru,656,01610,"Coffee, green",5412,Yield,2022,2022,kg/ha,853.3,A,,PER
170,604,Peru,656,01610,"Coffee, green",5412,Yield,2023,2023,kg/ha,855.9,A,,PER
170,604,Peru,656,01610,"Coffee, green",5412,Yield,2024,2024,kg/ha,850.8,A,,PER
170,604,Peru,656,01610,"Coffee, green",5510,Production,2000,2000,t,191651.0,A,,PER
170,604,Peru,656,01610,"Coffee, green",5510,Production,2001,2001,t,196232.0,A,,PER
170,604,Peru,656,01610,"Coffee, green",5510,Production,2002,2002,t,212770.0,A,,PER
170,604,Peru,656,01610,"Coffee, green",5510,Production,2003,2003,t,203148.0,A,,PER
170,604,Peru,656,01610,"Coffee, green",5510,Production,2004,2004,t,231447.0,A,,PER
170,604,Peru,656,01610,"Coffee, green",5510,Production,2005,2005,t,188611.0,A,,PER
170,604,Peru,656,01610,"Coffee, green",5510,Production,2006,2006,t,273178.0,A,,PER
170,604,Peru,656,01610,"Coffee, green",5510,Production,2007,2007,t,225992.0,A,,PER
170,604,Peru,656,01610,"Coffee, green",5510,Production,2008,2008,t,273780.0,A,,PER
170,604,Peru,656,01610,"Coffee, green",5510,Production,2009,2009,t,243479.0,A,,PER
170,604,Peru,656,01610,"Coffee, green",5510,Production,2010,2010,t,264605.0,A,,PER
170,604,Peru,656,01610,"Coffee, green",5510,Production,2011,2011,t,331547.0,A,,PER
170,604,Peru,656,01610,"Coffee, green",5510,Production,2012,2012,t,320163.56,A,,PER
170,604,Peru,656,01610,"Coffee, green",5510,Production,2013,2013,t,256241.43,A,,PER
170,604,Peru,656,01610,"Coffee, green",5510,Production,2014,2014,t,222047.0,A,,PER
170,604,Peru,656,01610,"Coffee, green",5510,Production,2015,2015,t,251938.0,A,,PER
170,604,Peru,656,01610,"Coffee, green",5510,Production,2016,2016,t,277760.4,A,,PER
170,604,Peru,656,01610,"Coffee, green",5510,Production,2017,2017,t,337330.0,A,,PER
170,604,Peru,656,01610,"Coffee, green",5510,Production,2018,2018,t,369621.99,A,,PER
170,604,Peru,656,01610,"Coffee, green",5510,Production,2019,2019,t,363319.59,A,,PER
170,604,Peru,656,01610,"Coffee, green",5510,Production,2020,2020,t,353205.74,A,,PER
170,604,Peru,656,01610,"Coffee, green",5510,Production,2021,2021,t,363996.83,A,,PER
170,604,Peru,656,01610,"Coffee, green",5510,Production,2022,2022,t,357346.42,A,,PER
170,604,Peru,656,01610,"Coffee, green",5510,Production,2023,2023,t,366940.03,A,,PER
170,604,Peru,656,01610,"Coffee, green",5510,Production,2024,2024,t,358993.78,A,,PER
226,800,Uganda,656,01610,"Coffee, green",5312,Area harvested,2000,2000,ha,300991.0,A,,UGA
226,800,Uganda,656,01610,"Coffee, green",5312,Area harvested,2001,2001,ha,264000.0,A,,UGA
226,800,Uganda,656,01610,"Coffee, green",5312,Area harvested,2002,2002,ha,217504.0,A,,UGA
226,800,Uganda,656,01610,"Coffee, green",5312,Area harvested,2003,2003,ha,264000.0,E,,UGA
226,800,Uganda,656,01610,"Coffee, green",5312,Area harvested,2004,2004,ha,264000.0,E,,UGA
226,800,Uganda,656,01610,"Coffee, green",5312,Area harvested,2005,2005,ha,263000.0,E,,UGA
226,800,Uganda,656,01610,"Coffee, green",5312,Area harvested,2006,2006,ha,220000.0,E,,UGA
226,800,Uganda,656,01610,"Coffee, green",5312,Area harvested,2007,2007,ha,285000.0,E,,UGA
226,800,Uganda,656,01610,"Coffee, green",5312,Area harvested,2008,2008,ha,345000.0,E,,UGA
226,800,Uganda,656,01610,"Coffee, green",5312,Area harvested,2009,2009,ha,320000.0,E,,UGA
226,800,Uganda,656,01610,"Coffee, green",5312,Area harvested,2010,2010,ha,272593.0,I,,UGA
226,800,Uganda,656,01610,"Coffee, green",5312,Area harvested,2011,2011,ha,317080.0,I,,UGA
226,800,Uganda,656,01610,"Coffee, green",5312,Area harvested,2012,2012,ha,316923.0,I,,UGA
226,800,Uganda,656,01610,"Coffee, green",5312,Area harvested,2013,2013,ha,387263.0,I,,UGA
226,800,Uganda,656,01610,"Coffee, green",5312,Area harvested,2014,2014,ha,377526.0,I,,UGA
226,800,Uganda,656,01610,"Coffee, green",5312,Area harvested,2015,2015,ha,432000.0,E,,UGA
226,800,Uganda,656,01610,"Coffee, green",5312,Area harvested,2016,2016,ha,434283.0,I,,UGA
226,800,Uganda,656,01610,"Coffee, green",5312,Area harvested,2017,2017,ha,526491.0,I,,UGA
226,800,Uganda,656,01610,"Coffee, green",5312,Area harvested,2018,2018,ha,497192.0,I,,UGA
226,800,Uganda,656,01610,"Coffee, green",5312,Area harvested,2019,2019,ha,541495.0,I,,UGA
226,800,Uganda,656,01610,"Coffee, green",5312,Area harvested,2020,2020,ha,632691.0,I,,UGA
226,800,Uganda,656,01610,"Coffee, green",5312,Area harvested,2021,2021,ha,737884.0,I,,UGA
226,800,Uganda,656,01610,"Coffee, green",5312,Area harvested,2022,2022,ha,912315.0,E,,UGA
226,800,Uganda,656,01610,"Coffee, green",5312,Area harvested,2023,2023,ha,849736.0,I,,UGA
226,800,Uganda,656,01610,"Coffee, green",5312,Area harvested,2024,2024,ha,736547.0,I,,UGA
226,800,Uganda,656,01610,"Coffee, green",5412,Yield,2000,2000,kg/ha,476.7,A,,UGA
226,800,Uganda,656,01610,"Coffee, green",5412,Yield,2001,2001,kg/ha,747.8,A,,UGA
226,800,Uganda,656,01610,"Coffee, green",5412,Yield,2002,2002,kg/ha,963.4,A,,UGA
226,800,Uganda,656,01610,"Coffee, green",5412,Yield,2003,2003,kg/ha,571.5,E,,UGA
226,800,Uganda,656,01610,"Coffee, green",5412,Yield,2004,2004,kg/ha,644.2,E,,UGA
226,800,Uganda,656,01610,"Coffee, green",5412,Yield,2005,2005,kg/ha,601.1,E,,UGA
226,800,Uganda,656,01610,"Coffee, green",5412,Yield,2006,2006,kg/ha,606.0,E,,UGA
226,800,Uganda,656,01610,"Coffee, green",5412,Yield,2007,2007,kg/ha,615.2,E,,UGA
226,800,Uganda,656,01610,"Coffee, green",5412,Yield,2008,2008,kg/ha,613.7,E,,UGA
226,800,Uganda,656,01610,"Coffee, green",5412,Yield,2009,2009,kg/ha,612.1,E,,UGA
226,800,Uganda,656,01610,"Coffee, green",5412,Yield,2010,2010,kg/ha,612.5,E,,UGA
226,800,Uganda,656,01610,"Coffee, green",5412,Yield,2011,2011,kg/ha,603.5,E,,UGA
226,800,Uganda,656,01610,"Coffee, green",5412,Yield,2012,2012,kg/ha,587.3,E,,UGA
226,800,Uganda,656,01610,"Coffee, green",5412,Yield,2013,2013,kg/ha,575.6,E,,UGA
226,800,Uganda,656,01610,"Coffee, green",5412,Yield,2014,2014,kg/ha,583.1,E,,UGA
226,800,Uganda,656,01610,"Coffee, green",5412,Yield,2015,2015,kg/ha,530.4,E,,UGA
226,800,Uganda,656,01610,"Coffee, green",5412,Yield,2016,2016,kg/ha,559.7,E,,UGA
226,800,Uganda,656,01610,"Coffee, green",5412,Yield,2017,2017,kg/ha,573.7,E,,UGA
226,800,Uganda,656,01610,"Coffee, green",5412,Yield,2018,2018,kg/ha,571.7,E,,UGA
226,800,Uganda,656,01610,"Coffee, green",5412,Yield,2019,2019,kg/ha,579.8,E,,UGA
226,800,Uganda,656,01610,"Coffee, green",5412,Yield,2020,2020,kg/ha,569.2,E,,UGA
226,800,Uganda,656,01610,"Coffee, green",5412,Yield,2021,2021,kg/ha,561.1,E,,UGA
226,800,Uganda,656,01610,"Coffee, green",5412,Yield,2022,2022,kg/ha,555.7,E,,UGA
226,800,Uganda,656,01610,"Coffee, green",5412,Yield,2023,2023,kg/ha,550.8,E,,UGA
226,800,Uganda,656,01610,"Coffee, green",5412,Yield,2024,2024,kg/ha,545.8,E,,UGA
226,800,Uganda,656,01610,"Coffee, green",5510,Production,2000,2000,t,143475.0,A,,UGA
226,800,Uganda,656,01610,"Coffee, green",5510,Production,2001,2001,t,197410.0,A,,UGA
226,800,Uganda,656,01610,"Coffee, green",5510,Production,2002,2002,t,209547.0,A,,UGA
226,800,Uganda,656,01610,"Coffee, green",5510,Production,2003,2003,t,150871.0,A,,UGA
226,800,Uganda,656,01610,"Coffee, green",5510,Production,2004,2004,t,170081.0,A,,UGA
226,800,Uganda,656,01610,"Coffee, green",5510,Production,2005,2005,t,158100.0,A,,UGA
226,800,Uganda,656,01610,"Coffee, green",5510,Production,2006,2006,t,133310.0,A,,UGA
226,800,Uganda,656,01610,"Coffee, green",5510,Production,2007,2007,t,175346.0,A,,UGA
226,800,Uganda,656,01610,"Coffee, green",5510,Production,2008,2008,t,211726.0,A,,UGA
226,800,Uganda,656,01610,"Coffee, green",5510,Production,2009,2009,t,195871.0,A,,UGA
226,800,Uganda,656,01610,"Coffee, green",5510,Production,2010,2010,t,166968.0,A,,UGA
226,800,Uganda,656,01610,"Coffee, green",5510,Production,2011,2011,t,191371.0,A,,UGA
226,800,Uganda,656,01610,"Coffee, green",5510,Production,2012,2012,t,186125.0,A,,UGA
226,800,Uganda,656,01610,"Coffee, green",5510,Production,2013,2013,t,222894.0,A,,UGA
226,800,Uganda,656,01610,"Coffee, green",5510,Production,2014,2014,t,220135.0,A,,UGA
226,800,Uganda,656,01610,"Coffee, green",5510,Production,2015,2015,t,229149.0,A,,UGA
226,800,Uganda,656,01610,"Coffee, green",5510,Production,2016,2016,t,243061.0,A,,UGA
226,800,Uganda,656,01610,"Coffee, green",5510,Production,2017,2017,t,302063.0,A,,UGA
226,800,Uganda,656,01610,"Coffee, green",5510,Production,2018,2018,t,284225.0,A,,UGA
226,800,Uganda,656,01610,"Coffee, green",5510,Production,2019,2019,t,313933.0,A,,UGA
226,800,Uganda,656,01610,"Coffee, green",5510,Production,2020,2020,t,360103.0,A,,UGA
226,800,Uganda,656,01610,"Coffee, green",5510,Production,2021,2021,t,414007.0,A,,UGA
226,800,Uganda,656,01610,"Coffee, green",5510,Production,2022,2022,t,507000.0,A,,UGA
226,800,Uganda,656,01610,"Coffee, green",5510,Production,2023,2023,t,468000.0,A,,UGA
226,800,Uganda,656,01610,"Coffee, green",5510,Production,2024,2024,t,402000.0,X,Unofficial figure,UGA
237,704,Viet Nam,656,01610,"Coffee, green",5312,Area harvested,2000,2000,ha,476900.0,A,,VNM
237,704,Viet Nam,656,01610,"Coffee, green",5312,Area harvested,2001,2001,ha,473500.0,A,,VNM
237,704,Viet Nam,656,01610,"Coffee, green",5312,Area harvested,2002,2002,ha,492500.0,A,,VNM
237,704,Viet Nam,656,01610,"Coffee, green",5312,Area harvested,2003,2003,ha,480500.0,A,,VNM
237,704,Viet Nam,656,01610,"Coffee, green",5312,Area harvested,2004,2004,ha,479100.0,A,,VNM
237,704,Viet Nam,656,01610,"Coffee, green",5312,Area harvested,2005,2005,ha,483600.0,A,,VNM
237,704,Viet Nam,656,01610,"Coffee, green",5312,Area harvested,2006,2006,ha,483200.0,A,,VNM
237,704,Viet Nam,656,01610,"Coffee, green",5312,Area harvested,2007,2007,ha,488900.0,A,,VNM
237,704,Viet Nam,656,01610,"Coffee, green",5312,Area harvested,2008,2008,ha,500200.0,A,,VNM
237,704,Viet Nam,656,01610,"Coffee, green",5312,Area harvested,2009,2009,ha,507200.0,A,,VNM
237,704,Viet Nam,656,01610,"Coffee, green",5312,Area harvested,2010,2010,ha,511900.0,A,,VNM
237,704,Viet Nam,656,01610,"Coffee, green",5312,Area harvested,2011,2011,ha,543865.0,A,,VNM
237,704,Viet Nam,656,01610,"Coffee, green",5312,Area harvested,2012,2012,ha,572600.0,A,,VNM
237,704,Viet Nam,656,01610,"Coffee, green",5312,Area harvested,2013,2013,ha,581381.0,A,,VNM
237,704,Viet Nam,656,01610,"Coffee, green",5312,Area harvested,2014,2014,ha,589041.0,A,,VNM
237,704,Viet Nam,656,01610,"Coffee, green",5312,Area harvested,2015,2015,ha,593800.0,A,,VNM
237,704,Viet Nam,656,01610,"Coffee, green",5312,Area harvested,2016,2016,ha,597597.0,A,,VNM
237,704,Viet Nam,656,01610,"Coffee, green",5312,Area harvested,2017,2017,ha,605178.0,A,,VNM
237,704,Viet Nam,656,01610,"Coffee, green",5312,Area harvested,2018,2018,ha,618879.0,A,,VNM
237,704,Viet Nam,656,01610,"Coffee, green",5312,Area harvested,2019,2019,ha,624100.0,A,,VNM
237,704,Viet Nam,656,01610,"Coffee, green",5312,Area harvested,2020,2020,ha,637563.0,A,,VNM
237,704,Viet Nam,656,01610,"Coffee, green",5312,Area harvested,2021,2021,ha,653192.0,A,,VNM
237,704,Viet Nam,656,01610,"Coffee, green",5312,Area harvested,2022,2022,ha,655921.0,A,,VNM
237,704,Viet Nam,656,01610,"Coffee, green",5312,Area harvested,2023,2023,ha,666954.0,A,,VNM
237,704,Viet Nam,656,01610,"Coffee, green",5312,Area harvested,2024,2024,ha,678569.0,A,,VNM
237,704,Viet Nam,656,01610,"Coffee, green",5412,Yield,2000,2000,kg/ha,1682.7,A,,VNM
237,704,Viet Nam,656,01610,"Coffee, green",5412,Yield,2001,2001,kg/ha,1775.3,A,,VNM
237,704,Viet Nam,656,01610,"Coffee, green",5412,Yield,2002,2002,kg/ha,1420.3,A,,VNM
237,704,Viet Nam,656,01610,"Coffee, green",5412,Yield,2003,2003,kg/ha,1651.8,A,,VNM
237,704,Viet Nam,656,01610,"Coffee, green",5412,Yield,2004,2004,kg/ha,1907.3,E,,VNM
237,704,Viet Nam,656,01610,"Coffee, green",5412,Yield,2005,2005,kg/ha,1718.4,E,,VNM
237,704,Viet Nam,656,01610,"Coffee, green",5412,Yield,2006,2006,kg/ha,2039.1,A,,VNM
237,704,Viet Nam,656,01610,"Coffee, green",5412,Yield,2007,2007,kg/ha,2558.8,E,,VNM
237,704,Viet Nam,656,01610,"Coffee, green",5412,Yield,2008,2008,kg/ha,2110.8,A,,VNM
237,704,Viet Nam,656,01610,"Coffee, green",5412,Yield,2009,2009,kg/ha,2085.1,A,,VNM
237,704,Viet Nam,656,01610,"Coffee, green",5412,Yield,2010,2010,kg/ha,2160.0,A,,VNM
237,704,Viet Nam,656,01610,"Coffee, green",5412,Yield,2011,2011,kg/ha,2347.1,A,,VNM
237,704,Viet Nam,656,01610,"Coffee, green",5412,Yield,2012,2012,kg/ha,2201.3,A,,VNM
237,704,Viet Nam,656,01610,"Coffee, green",5412,Yield,2013,2013,kg/ha,2282.0,A,,VNM
237,704,Viet Nam,656,01610,"Coffee, green",5412,Yield,2014,2014,kg/ha,2387.7,A,,VNM
237,704,Viet Nam,656,01610,"Coffee, green",5412,Yield,2015,2015,kg/ha,2446.9,A,,VNM
237,704,Viet Nam,656,01610,"Coffee, green",5412,Yield,2016,2016,kg/ha,2444.5,A,,VNM
237,704,Viet Nam,656,01610,"Coffee, green",5412,Yield,2017,2017,kg/ha,2548.7,A,,VNM
237,704,Viet Nam,656,01610,"Coffee, green",5412,Yield,2018,2018,kg/ha,2611.7,A,,VNM
237,704,Viet Nam,656,01610,"Coffee, green",5412,Yield,2019,2019,kg/ha,2702.7,A,,VNM
237,704,Viet Nam,656,01610,"Coffee, green",5412,Yield,2020,2020,kg/ha,2766.0,A,,VNM
237,704,Viet Nam,656,01610,"Coffee, green",5412,Yield,2021,2021,kg/ha,2824.6,A,,VNM
237,704,Viet Nam,656,01610,"Coffee, green",5412,Yield,2022,2022,kg/ha,2979.0,A,,VNM
237,704,Viet Nam,656,01610,"Coffee, green",5412,Yield,2023,2023,kg/ha,2933.9,A,,VNM
237,704,Viet Nam,656,01610,"Coffee, green",5412,Yield,2024,2024,kg/ha,2969.9,A,,VNM
237,704,Viet Nam,656,01610,"Coffee, green",5510,Production,2000,2000,t,802500.0,A,,VNM
237,704,Viet Nam,656,01610,"Coffee, green",5510,Production,2001,2001,t,840600.0,A,,VNM
237,704,Viet Nam,656,01610,"Coffee, green",5510,Production,2002,2002,t,699500.0,A,,VNM
237,704,Viet Nam,656,01610,"Coffee, green",5510,Production,2003,2003,t,793700.0,A,,VNM
237,704,Viet Nam,656,01610,"Coffee, green",5510,Production,2004,2004,t,913800.0,X,Unofficial figure,VNM
237,704,Viet Nam,656,01610,"Coffee, green",5510,Production,2005,2005,t,831000.0,X,Unofficial figure,VNM
237,704,Viet Nam,656,01610,"Coffee, green",5510,Production,2006,2006,t,985300.0,A,,VNM
237,704,Viet Nam,656,01610,"Coffee, green",5510,Production,2007,2007,t,1251000.0,X,Unofficial figure,VNM
237,704,Viet Nam,656,01610,"Coffee, green",5510,Production,2008,2008,t,1055811.0,A,,VNM
237,704,Viet Nam,656,01610,"Coffee, green",5510,Production,2009,2009,t,1057539.6,A,,VNM
237,704,Viet Nam,656,01610,"Coffee, green",5510,Production,2010,2010,t,1105700.0,A,,VNM
237,704,Viet Nam,656,01610,"Coffee, green",5510,Production,2011,2011,t,1276506.0,A,,VNM
237,704,Viet Nam,656,01610,"Coffee, green",5510,Production,2012,2012,t,1260463.0,A,,VNM
237,704,Viet Nam,656,01610,"Coffee, green",5510,Production,2013,2013,t,1326688.0,A,,VNM
237,704,Viet Nam,656,01610,"Coffee, green",5510,Production,2014,2014,t,1406469.0,A,,VNM
237,704,Viet Nam,656,01610,"Coffee, green",5510,Production,2015,2015,t,1452999.3,A,,VNM
237,704,Viet Nam,656,01610,"Coffee, green",5510,Production,2016,2016,t,1460800.01,A,,VNM
237,704,Viet Nam,656,01610,"Coffee, green",5510,Production,2017,2017,t,1542397.88,A,,VNM
237,704,Viet Nam,656,01610,"Coffee, green",5510,Production,2018,2018,t,1616307.25,A,,VNM
237,704,Viet Nam,656,01610,"Coffee, green",5510,Production,2019,2019,t,1686765.17,A,,VNM
237,704,Viet Nam,656,01610,"Coffee, green",5510,Production,2020,2020,t,1763476.04,A,,VNM
237,704,Viet Nam,656,01610,"Coffee, green",5510,Production,2021,2021,t,1845032.98,A,,VNM
237,704,Viet Nam,656,01610,"Coffee, green",5510,Production,2022,2022,t,1953990.16,A,,VNM
237,704,Viet Nam,656,01610,"Coffee, green",5510,Production,2023,2023,t,1956782.46,A,,VNM
237,704,Viet Nam,656,01610,"Coffee, green",5510,Production,2024,2024,t,2015289.0,A,,VNM
