economy,Country,year,gdp_per_capita,country_ISO3,country_name
VNM,Viet Nam,2000,404.029784055118,VNM,Vietnam
UGA,Uganda,2000,258.050338731086,UGA,Uganda
TZA,Tanzania,2000,401.698150634766,TZA,Tanzania
TUR,Turkiye,2000,4199.3798635759,TUR,Türkiye
RWA,Rwanda,2000,251.86926386091,RWA,Rwanda
PER,Peru,2000,1945.41338451698,PER,Peru
NIC,Nicaragua,2000,1017.3124434882,NIC,Nicaragua
MWI,Malawi,2000,224.22415918428,MWI,Malawi
MEX,Mexico,2000,7524.0271380091,MEX,Mexico
LKA,Sri Lanka,2000,860.199884304769,LKA,Sri Lanka
KEN,Kenya,2000,414.626365130846,KEN,Kenya
JPN,Japan,2000,39169.3595701504,JPN,Japan
IRN,"Iran, Islamic Rep.",2000,1650.01385833785,IRN,Iran
IND,India,2000,442.750218937263,IND,India
IDN,Indonesia,2000,763.711124950924,IDN,Indonesia
HND,Honduras,2000,1092.56400746252,HND,Honduras
GTM,Guatemala,2000,1648.96578971559,GTM,Guatemala
GIN,Guinea,2000,518.157066924026,GIN,Guinea
ETH,Ethiopia,2000,122.269202606069,ETH,Ethiopia
CRI,Costa Rica,2000,3812.75388284924,CRI,Costa Rica
COL,Colombia,2000,2555.00751039968,COL,Colombia
CIV,Cote d'Ivoire,2000,936.636541348798,CIV,Côte d'Ivoire
CHN,China,2000,969.199513696287,CHN,China
BRA,Brazil,2000,3766.54786339835,BRA,Brazil
BGD,Bangladesh,2000,396.670730249751,BGD,Bangladesh
ARG,Argentina,2000,7637.01489203628,ARG,Argentina
VNM,Viet Nam,2001,419.205677580901,VNM,Vietnam
UGA,Uganda,2001,236.021188853993,UGA,Uganda
TZA,Tanzania,2001,396.638732910156,TZA,Tanzania
TUR,Turkiye,2001,3052.2256706793,TUR,Türkiye
RWA,Rwanda,2001,237.308846200901,RWA,Rwanda
PER,Peru,2001,1929.57273038846,PER,Peru
NIC,Nicaragua,2001,1051.874235891,NIC,Nicaragua
MWI,Malawi,2001,215.474524898357,MWI,Malawi
MEX,Mexico,2001,7952.76479510706,MEX,Mexico
LKA,Sri Lanka,2001,803.544026627385,LKA,Sri Lanka
KEN,Kenya,2001,410.700452474814,KEN,Kenya
JPN,Japan,2001,34406.1824638092,JPN,Japan
IRN,"Iran, Islamic Rep.",2001,1881.02266635283,IRN,Iran
IND,India,2001,450.357900514128,IND,India
IDN,Indonesia,2001,732.307093405708,IDN,Indonesia
HND,Honduras,2001,1132.1648753329,HND,Honduras
GTM,Guatemala,2001,1537.68663578252,GTM,Guatemala
GIN,Guinea,2001,483.085120214741,GIN,Guinea
ETH,Ethiopia,2001,118.457204255261,ETH,Ethiopia
CRI,Costa Rica,2001,3985.12984506207,CRI,Costa Rica
COL,Colombia,2001,2472.99084035833,COL,Colombia
CIV,Cote d'Ivoire,2001,924.727294962066,CIV,Côte d'Ivoire
CHN,China,2001,1065.40597574519,CHN,China
BRA,Brazil,2001,3176.28975052524,BRA,Brazil
BGD,Bangladesh,2001,394.65641001891,BGD,Bangladesh
ARG,Argentina,2001,7141.47507662826,ARG,Argentina
VNM,Viet Nam,2002,445.132861817313,VNM,Vietnam
UGA,Uganda,2002,241.984688408335,UGA,Uganda
TZA,Tanzania,2002,402.649047851563,TZA,Tanzania
TUR,Turkiye,2002,3591.08628982587,TUR,Türkiye
RWA,Rwanda,2002,234.043016755733,RWA,Rwanda
PER,Peru,2002,2007.37019626753,PER,Peru
NIC,Nicaragua,2002,1014.3339042591,NIC,Nicaragua
MWI,Malawi,2002,428.210439838398,MWI,Malawi
MEX,Mexico,2002,7983.03398381759,MEX,Mexico
LKA,Sri Lanka,2002,834.936014905338,LKA,Sri Lanka
KEN,Kenya,2002,402.936385605382,KEN,Kenya
JPN,Japan,2002,32820.7936433254,JPN,Japan
IRN,"Iran, Islamic Rep.",2002,1891.25756091033,IRN,Iran
IND,India,2002,469.149928973927,IND,India
IDN,Indonesia,2002,881.002913569131,IDN,Indonesia
HND,Honduras,2002,1132.49965345317,HND,Honduras
GTM,Guatemala,2002,1669.33517469705,GTM,Guatemala
GIN,Guinea,2002,495.916073559269,GIN,Guinea
ETH,Ethiopia,2002,109.593813612988,ETH,Ethiopia
CRI,Costa Rica,2002,4067.71851429092,CRI,Costa Rica
COL,Colombia,2002,2428.92969771584,COL,Colombia
CIV,Cote d'Ivoire,2002,967.815864415991,CIV,Côte d'Ivoire
CHN,China,2002,1163.55957673426,CHN,China
BRA,Brazil,2002,2855.94017137049,BRA,Brazil
BGD,Bangladesh,2002,393.886422327628,BGD,Bangladesh
ARG,Argentina,2002,2569.69963519124,ARG,Argentina
VNM,Viet Nam,2003,497.117089249256,VNM,Vietnam
UGA,Uganda,2003,250.71543664681,UGA,Uganda
TZA,Tanzania,2003,422.18359375,TZA,Tanzania
TUR,Turkiye,2003,4649.63668068586,TUR,Türkiye
RWA,Rwanda,2003,249.012274982252,RWA,Rwanda
PER,Peru,2003,2129.44114197634,PER,Peru
NIC,Nicaragua,2003,1021.35216668794,NIC,Nicaragua
MWI,Malawi,2003,383.348596852642,MWI,Malawi
MEX,Mexico,2003,7434.0746485155,MEX,Mexico
LKA,Sri Lanka,2003,946.382255128072,LKA,Sri Lanka
KEN,Kenya,2003,442.898457253405,KEN,Kenya
JPN,Japan,2003,35387.0374203599,JPN,Japan
IRN,"Iran, Islamic Rep.",2003,2208.99636552406,IRN,Iran
IND,India,2003,544.143133545002,IND,India
IDN,Indonesia,2003,1043.2105838671,IDN,Indonesia
HND,Honduras,2003,1156.08162681357,HND,Honduras
GTM,Guatemala,2003,1722.54701910774,GTM,Guatemala
GIN,Guinea,2003,566.48540588068,GIN,Guinea
ETH,Ethiopia,2003,116.800491132777,ETH,Ethiopia
CRI,Costa Rica,2003,4173.14856415514,CRI,Costa Rica
COL,Colombia,2003,2311.94218760291,COL,Colombia
CIV,Cote d'Ivoire,2003,1111.17135087887,CIV,Côte d'Ivoire
CHN,China,2003,1306.97245408557,CHN,China
BRA,Brazil,2003,3090.6068907839,BRA,Brazil
BGD,Bangladesh,2003,426.74880754362,BGD,Bangladesh
ARG,Argentina,2003,3320.47775133903,ARG,Argentina
VNM,Viet Nam,2004,565.452284586212,VNM,Vietnam
UGA,Uganda,2004,292.38185796262,UGA,Uganda
TZA,Tanzania,2004,450.385284423828,TZA,Tanzania
TUR,Turkiye,2004,5979.6054216148,TUR,Türkiye
RWA,Rwanda,2004,269.540446333402,RWA,Rwanda
PER,Peru,2004,2397.25147277714,PER,Peru
NIC,Nicaragua,2004,1098.62118662335,NIC,Nicaragua
MWI,Malawi,2004,404.674248445428,MWI,Malawi
MEX,Mexico,2004,7849.66759649565,MEX,Mexico
LKA,Sri Lanka,2004,1028.62068132555,LKA,Sri Lanka
KEN,Kenya,2004,463.662781300121,KEN,Kenya
JPN,Japan,2004,38298.9801712303,JPN,Japan
IRN,"Iran, Islamic Rep.",2004,2672.4226651404,IRN,Iran
IND,India,2004,624.258826510066,IND,India
IDN,Indonesia,2004,1126.84004447173,IDN,Indonesia
HND,Honduras,2004,1215.13995412761,HND,Honduras
GTM,Guatemala,2004,1840.91184884,GTM,Guatemala
GIN,Guinea,2004,584.897740538081,GIN,Guinea
ETH,Ethiopia,2004,133.169812538096,ETH,Ethiopia
CRI,Costa Rica,2004,4431.0117207843,CRI,Costa Rica
COL,Colombia,2004,2818.57195413044,COL,Colombia
CIV,Cote d'Ivoire,2004,1199.82524528546,CIV,Côte d'Ivoire
CHN,China,2004,1530.92726215723,CHN,China
BRA,Brazil,2004,3663.82262497811,BRA,Brazil
BGD,Bangladesh,2004,455.614016909798,BGD,Bangladesh
ARG,Argentina,2004,4242.02099089422,ARG,Argentina
VNM,Viet Nam,2005,710.746759994861,VNM,Vietnam
UGA,Uganda,2005,330.405402707025,UGA,Uganda
TZA,Tanzania,2005,483.334869384766,TZA,Tanzania
TUR,Turkiye,2005,7331.85429430255,TUR,Türkiye
RWA,Rwanda,2005,324.016863847189,RWA,Rwanda
PER,Peru,2005,2706.66947297608,PER,Peru
NIC,Nicaragua,2005,1183.30214010175,NIC,Nicaragua
MWI,Malawi,2005,414.361121984475,MWI,Malawi
MEX,Mexico,2005,8671.75891885163,MEX,Mexico
LKA,Sri Lanka,2005,1207.21994764165,LKA,Sri Lanka
KEN,Kenya,2005,523.456312433863,KEN,Kenya
JPN,Japan,2005,37812.8950199948,JPN,Japan
IRN,"Iran, Islamic Rep.",2005,3132.0508192007,IRN,Iran
IND,India,2005,710.488080408949,IND,India
IDN,Indonesia,2005,1238.21447629488,IDN,Indonesia
HND,Honduras,2005,1304.70039153826,HND,Honduras
GTM,Guatemala,2005,2046.46611650758,GTM,Guatemala
GIN,Guinea,2005,463.17768685098,GIN,Guinea
ETH,Ethiopia,2005,158.243458082465,ETH,Ethiopia
CRI,Costa Rica,2005,4703.00721784778,CRI,Costa Rica
COL,Colombia,2005,3456.06610874512,COL,Colombia
CIV,Cote d'Ivoire,2005,1197.74616979415,CIV,Côte d'Ivoire
CHN,China,2005,1777.64496828464,CHN,China
BRA,Brazil,2005,4827.78165890291,BRA,Brazil
BGD,Bangladesh,2005,480.08585075452,BGD,Bangladesh
ARG,Argentina,2005,5067.65342293276,ARG,Argentina
VNM,Viet Nam,2006,807.756645117054,VNM,Vietnam
UGA,Uganda,2006,346.518255310647,UGA,Uganda
TZA,Tanzania,2006,475.746734619141,TZA,Tanzania
TUR,Turkiye,2006,7990.08251407245,TUR,Türkiye
RWA,Rwanda,2006,356.995022901154,RWA,Rwanda
PER,Peru,2006,3129.55996496982,PER,Peru
NIC,Nicaragua,2006,1248.17371577788,NIC,Nicaragua
MWI,Malawi,2006,440.822149023873,MWI,Malawi
MEX,Mexico,2006,9512.63575346699,MEX,Mexico
LKA,Sri Lanka,2006,1388.89739119932,LKA,Sri Lanka
KEN,Kenya,2006,699.80237063381,KEN,Kenya
JPN,Japan,2006,35991.546002862,JPN,Japan
IRN,"Iran, Islamic Rep.",2006,3618.91601364428,IRN,Iran
IND,India,2006,801.668353659022,IND,India
IDN,Indonesia,2006,1558.31562847163,IDN,Indonesia
HND,Honduras,2006,1425.84780051892,HND,Honduras
GTM,Guatemala,2006,2225.1234753878,GTM,Guatemala
GIN,Guinea,2006,446.980554135013,GIN,Guinea
ETH,Ethiopia,2006,189.345737521418,ETH,Ethiopia
CRI,Costa Rica,2006,5256.59640859159,CRI,Costa Rica
COL,Colombia,2006,3789.85361217027,COL,Colombia
CIV,Cote d'Ivoire,2006,1230.43056838584,CIV,Côte d'Ivoire
CHN,China,2006,2129.25696999613,CHN,China
BRA,Brazil,2006,5934.14561857454,BRA,Brazil
BGD,Bangladesh,2006,490.388026533289,BGD,Bangladesh
ARG,Argentina,2006,5869.38028970204,ARG,Argentina
VNM,Viet Nam,2007,925.640338348717,VNM,Vietnam
UGA,Uganda,2007,401.389130865581,UGA,Uganda
TZA,Tanzania,2007,543.198303222656,TZA,Tanzania
TUR,Turkiye,2007,9766.91734545294,TUR,Türkiye
RWA,Rwanda,2007,426.234183487629,RWA,Rwanda
PER,Peru,2007,3581.0893081917,PER,Peru
NIC,Nicaragua,2007,1350.38145753377,NIC,Nicaragua
MWI,Malawi,2007,475.180261659331,MWI,Malawi
MEX,Mexico,2007,10134.3327138119,MEX,Mexico
LKA,Sri Lanka,2007,1578.63451125392,LKA,Sri Lanka
KEN,Kenya,2007,840.201439476765,KEN,Kenya
JPN,Japan,2007,35779.0245416427,JPN,Japan
IRN,"Iran, Islamic Rep.",2007,4687.99166260718,IRN,Iran
IND,India,2007,1021.88707706826,IND,India
IDN,Indonesia,2007,1823.21976255073,IDN,Indonesia
HND,Honduras,2007,1577.73789197407,HND,Honduras
GTM,Guatemala,2007,2458.81573919384,GTM,Guatemala
GIN,Guinea,2007,650.148575304743,GIN,Guinea
ETH,Ethiopia,2007,237.146255996319,ETH,Ethiopia
CRI,Costa Rica,2007,6137.71199925542,CRI,Costa Rica
COL,Colombia,2007,4769.926147194,COL,Colombia
CIV,Cote d'Ivoire,2007,1367.53817722326,CIV,Côte d'Ivoire
CHN,China,2007,2734.72709877693,CHN,China
BRA,Brazil,2007,7409.69003822861,BRA,Brazil
BGD,Bangladesh,2007,537.955492792911,BGD,Bangladesh
ARG,Argentina,2007,7185.25155147027,ARG,Argentina
VNM,Viet Nam,2008,1163.83195772873,VNM,Vietnam
UGA,Uganda,2008,472.842681495852,UGA,Uganda
TZA,Tanzania,2008,675.977233886719,TZA,Tanzania
TUR,Turkiye,2008,10913.4079047769,TUR,Türkiye
RWA,Rwanda,2008,528.326391755502,RWA,Rwanda
PER,Peru,2008,4197.58444634142,PER,Peru
NIC,Nicaragua,2008,1523.68437086409,NIC,Nicaragua
MWI,Malawi,2008,554.048820396119,MWI,Malawi
MEX,Mexico,2008,10523.7685403244,MEX,Mexico
LKA,Sri Lanka,2008,1973.58476901287,LKA,Sri Lanka
KEN,Kenya,2008,915.54435473604,KEN,Kenya
JPN,Japan,2008,39876.3039685725,JPN,Japan
IRN,"Iran, Islamic Rep.",2008,5377.4115072957,IRN,Iran
IND,India,2008,992.519584923828,IND,India
IDN,Indonesia,2008,2124.55483920618,IDN,Indonesia
HND,Honduras,2008,1732.49062702803,HND,Honduras
GTM,Guatemala,2008,2763.05988172926,GTM,Guatemala
GIN,Guinea,2008,703.532825784369,GIN,Guinea
ETH,Ethiopia,2008,316.410475118075,ETH,Ethiopia
CRI,Costa Rica,2008,6937.24261596055,CRI,Costa Rica
COL,Colombia,2008,5541.83629665898,COL,Colombia
CIV,Cote d'Ivoire,2008,1583.97066701372,CIV,Côte d'Ivoire
CHN,China,2008,3523.44302065213,CHN,China
BRA,Brazil,2008,8908.33338467948,BRA,Brazil
BGD,Bangladesh,2008,613.06204104124,BGD,Bangladesh
ARG,Argentina,2008,8944.1102657357,ARG,Argentina
VNM,Viet Nam,2009,1226.16976051536,VNM,Vietnam
UGA,Uganda,2009,798.947089938247,UGA,Uganda
TZA,Tanzania,2009,693.823547363281,TZA,Tanzania
TUR,Turkiye,2009,9076.92472236977,TUR,Türkiye
RWA,Rwanda,2009,564.039095842449,RWA,Rwanda
PER,Peru,2009,4181.18755462253,PER,Peru
NIC,Nicaragua,2009,1467.08288052845,NIC,Nicaragua
MWI,Malawi,2009,625.869729869625,MWI,Malawi
MEX,Mexico,2009,8423.56933214711,MEX,Mexico
LKA,Sri Lanka,2009,2026.65939950702,LKA,Sri Lanka
KEN,Kenya,2009,1047.9678324485,KEN,Kenya
JPN,Japan,2009,41308.9968370512,JPN,Japan
IRN,"Iran, Islamic Rep.",2009,5415.52280553446,IRN,Iran
IND,India,2009,1094.94974598436,IND,India
IDN,Indonesia,2009,2218.48541852977,IDN,Indonesia
HND,Honduras,2009,1781.15703614674,HND,Honduras
GTM,Guatemala,2009,2611.64632773352,GTM,Guatemala
GIN,Guinea,2009,662.185914665575,GIN,Guinea
ETH,Ethiopia,2009,368.574712267445,ETH,Ethiopia
CRI,Costa Rica,2009,6832.69829924138,CRI,Costa Rica
COL,Colombia,2009,5250.97292433518,COL,Colombia
CIV,Cote d'Ivoire,2009,1540.45393569596,CIV,Côte d'Ivoire
CHN,China,2009,3898.24459158811,CHN,China
BRA,Brazil,2009,8678.6584730653,BRA,Brazil
BGD,Bangladesh,2009,679.211477428056,BGD,Bangladesh
ARG,Argentina,2009,8150.23527028221,ARG,Argentina
VNM,Viet Nam,2010,1683.16182443979,VNM,Vietnam
UGA,Uganda,2010,823.488144282,UGA,Uganda
TZA,Tanzania,2010,736.530151367188,TZA,Tanzania
TUR,Turkiye,2010,10698.9699409757,TUR,Türkiye
RWA,Rwanda,2010,593.624927744346,RWA,Rwanda
PER,Peru,2010,5072.11494019615,PER,Peru
NIC,Nicaragua,2010,1526.56706951408,NIC,Nicaragua
MWI,Malawi,2010,683.124694716799,MWI,Malawi
MEX,Mexico,2010,9728.80078377082,MEX,Mexico
LKA,Sri Lanka,2010,2808.36244503709,LKA,Sri Lanka
KEN,Kenya,2010,1091.51873101194,KEN,Kenya
JPN,Japan,2010,44968.1562349739,JPN,Japan
IRN,"Iran, Islamic Rep.",2010,6291.19443655454,IRN,Iran
IND,India,2010,1347.51939071367,IND,India
IDN,Indonesia,2010,3065.68348377765,IDN,Indonesia
HND,Honduras,2010,1893.32722662035,HND,Honduras
GTM,Guatemala,2010,2805.25960237322,GTM,Guatemala
GIN,Guinea,2010,659.235326211315,GIN,Guinea
ETH,Ethiopia,2010,330.619412798644,ETH,Ethiopia
CRI,Costa Rica,2010,8265.78820275582,CRI,Costa Rica
COL,Colombia,2010,6398.2958447102,COL,Colombia
CIV,Cote d'Ivoire,2010,1553.54887048143,CIV,Côte d'Ivoire
CHN,China,2010,4629.24551710077,CHN,China
BRA,Brazil,2010,11403.2840038694,BRA,Brazil
BGD,Bangladesh,2010,757.385280361508,BGD,Bangladesh
ARG,Argentina,2010,10260.1313108254,ARG,Argentina
VNM,Viet Nam,2011,1950.92504174913,VNM,Vietnam
UGA,Uganda,2011,835.620060555838,UGA,Uganda
TZA,Tanzania,2011,775.392761230469,TZA,Tanzania
TUR,Turkiye,2011,11373.6355760885,TUR,Türkiye
RWA,Rwanda,2011,651.133677964662,RWA,Rwanda
PER,Peru,2011,5861.35793645245,PER,Peru
NIC,Nicaragua,2011,1679.71192084633,NIC,Nicaragua
MWI,Malawi,2011,763.061000394572,MWI,Malawi
MEX,Mexico,2011,10664.4944032313,MEX,Mexico
LKA,Sri Lanka,2011,3224.95745150496,LKA,Sri Lanka
KEN,Kenya,2011,1096.14499807675,KEN,Kenya
JPN,Japan,2011,48760.0789494211,JPN,Japan
IRN,"Iran, Islamic Rep.",2011,8025.68743364356,IRN,Iran
IND,India,2011,1445.46127486037,IND,India
IDN,Indonesia,2011,3579.46442466152,IDN,Indonesia
HND,Honduras,2011,2073.66121088074,HND,Honduras
GTM,Guatemala,2011,3168.98370607705,GTM,Guatemala
GIN,Guinea,2011,636.694958747648,GIN,Guinea
ETH,Ethiopia,2011,343.024942351887,ETH,Ethiopia
CRI,Costa Rica,2011,9276.39107511347,CRI,Costa Rica
COL,Colombia,2011,7400.9940695669,COL,Colombia
CIV,Cote d'Ivoire,2011,1596.62826565998,CIV,Côte d'Ivoire
CHN,China,2011,5703.76027973346,CHN,China
BRA,Brazil,2011,13396.6263158041,BRA,Brazil
BGD,Bangladesh,2011,837.336944695647,BGD,Bangladesh
ARG,Argentina,2011,12704.2831819684,ARG,Argentina
VNM,Viet Nam,2012,2185.11767654291,VNM,Vietnam
UGA,Uganda,2012,795.222867553127,UGA,Uganda
TZA,Tanzania,2012,861.969909667969,TZA,Tanzania
TUR,Turkiye,2012,11776.7593362033,TUR,Türkiye
RWA,Rwanda,2012,706.817269168561,RWA,Rwanda
PER,Peru,2012,6519.37852981527,PER,Peru
NIC,Nicaragua,2012,1784.69836017555,NIC,Nicaragua
MWI,Malawi,2012,558.46208832772,MWI,Malawi
MEX,Mexico,2012,10744.1335242686,MEX,Mexico
LKA,Sri Lanka,2012,3327.77613691283,LKA,Sri Lanka
KEN,Kenya,2012,1285.00536171512,KEN,Kenya
JPN,Japan,2012,49145.2804308193,JPN,Japan
IRN,"Iran, Islamic Rep.",2012,8114.08099831877,IRN,Iran
IND,India,2012,1429.32199520032,IND,India
IDN,Indonesia,2012,3632.27254030331,IDN,Indonesia
HND,Honduras,2012,2126.03474686503,HND,Honduras
GTM,Guatemala,2012,3286.61959336267,GTM,Guatemala
GIN,Guinea,2012,699.353377212197,GIN,Guinea
ETH,Ethiopia,2012,452.101031885754,ETH,Ethiopia
CRI,Costa Rica,2012,10126.9991024177,CRI,Costa Rica
COL,Colombia,2012,8108.59838244229,COL,Colombia
CIV,Cote d'Ivoire,2012,1546.9460184731,CIV,Côte d'Ivoire
CHN,China,2012,6405.0574241349,CHN,China
BRA,Brazil,2012,12521.7238454434,BRA,Brazil
BGD,Bangladesh,2012,859.680536375497,BGD,Bangladesh
ARG,Argentina,2012,12949.717486654,ARG,Argentina
VNM,Viet Nam,2013,2359.51736472828,VNM,Vietnam
UGA,Uganda,2013,818.285427416713,UGA,Uganda
TZA,Tanzania,2013,963.05712890625,TZA,Tanzania
TUR,Turkiye,2013,12635.5570016068,TUR,Türkiye
RWA,Rwanda,2013,704.92421851123,RWA,Rwanda
PER,Peru,2013,6746.80025696601,PER,Peru
NIC,Nicaragua,2013,1835.43996363715,NIC,Nicaragua
MWI,Malawi,2013,496.947368267313,MWI,Malawi
MEX,Mexico,2013,11216.8008505428,MEX,Mexico
LKA,Sri Lanka,2013,3739.43181100202,LKA,Sri Lanka
KEN,Kenya,2013,1370.87885214659,KEN,Kenya
JPN,Japan,2013,40898.6478964744,JPN,Japan
IRN,"Iran, Islamic Rep.",2013,6222.74194840326,IRN,Iran
IND,India,2013,1432.84397512195,IND,India
IDN,Indonesia,2013,3566.60284506078,IDN,Indonesia
HND,Honduras,2013,2081.12843527945,HND,Honduras
GTM,Guatemala,2013,3444.15802275864,GTM,Guatemala
GIN,Guinea,2013,748.455020824734,GIN,Guinea
ETH,Ethiopia,2013,484.039833104062,ETH,Ethiopia
CRI,Costa Rica,2013,10803.2401962173,CRI,Costa Rica
COL,Colombia,2013,8279.10255642981,COL,Colombia
CIV,Cote d'Ivoire,2013,1786.15862031324,CIV,Côte d'Ivoire
CHN,China,2013,7147.03518622344,CHN,China
BRA,Brazil,2013,12458.8903396625,BRA,Brazil
BGD,Bangladesh,2013,958.262989798283,BGD,Bangladesh
ARG,Argentina,2013,12963.675773326,ARG,Argentina
VNM,Viet Nam,2014,2546.38464459903,VNM,Vietnam
UGA,Uganda,2014,896.054795546394,UGA,Uganda
TZA,Tanzania,2014,1022.74841308594,TZA,Tanzania
TUR,Turkiye,2014,12209.3862327674,TUR,Türkiye
RWA,Rwanda,2014,724.957526520906,RWA,Rwanda
PER,Peru,2014,6667.13410360861,PER,Peru
NIC,Nicaragua,2014,1958.37047579547,NIC,Nicaragua
MWI,Malawi,2014,529.5133440206,MWI,Malawi
MEX,Mexico,2014,11391.3773497683,MEX,Mexico
LKA,Sri Lanka,2014,3972.04375736464,LKA,Sri Lanka
KEN,Kenya,2014,1482.81566253497,KEN,Kenya
JPN,Japan,2014,38475.3952461838,JPN,Japan
IRN,"Iran, Islamic Rep.",2014,5672.06372896319,IRN,Iran
IND,India,2014,1553.88396075118,IND,India
IDN,Indonesia,2014,3441.06808464008,IDN,Indonesia
HND,Honduras,2014,2179.88171977271,HND,Honduras
GTM,Guatemala,2014,3689.14510410202,GTM,Guatemala
GIN,Guinea,2014,765.146999389279,GIN,Guinea
ETH,Ethiopia,2014,549.986577082588,ETH,Ethiopia
CRI,Costa Rica,2014,10911.497878334,CRI,Costa Rica
COL,Colombia,2014,8187.20824890084,COL,Colombia
CIV,Cote d'Ivoire,2014,1991.36539423404,CIV,Côte d'Ivoire
CHN,China,2014,7781.06597484974,CHN,China
BRA,Brazil,2014,12274.9941630213,BRA,Brazil
BGD,Bangladesh,2014,1094.46199702838,BGD,Bangladesh
ARG,Argentina,2014,12233.1444119186,ARG,Argentina
VNM,Viet Nam,2015,2577.56885340113,VNM,Vietnam
UGA,Uganda,2015,862.934610355811,UGA,Uganda
TZA,Tanzania,2015,939.127319335938,TZA,Tanzania
TUR,Turkiye,2015,11064.6494504662,TUR,Türkiye
RWA,Rwanda,2015,733.998629882494,RWA,Rwanda
PER,Peru,2015,6231.71150338894,PER,Peru
NIC,Nicaragua,2015,2074.45620634731,NIC,Nicaragua
MWI,Malawi,2015,539.605363240686,MWI,Malawi
MEX,Mexico,2015,10021.2386118827,MEX,Mexico
LKA,Sri Lanka,2015,4057.7158346231,LKA,Sri Lanka
KEN,Kenya,2015,1489.11959777284,KEN,Kenya
JPN,Japan,2015,34960.6393843385,JPN,Japan
IRN,"Iran, Islamic Rep.",2015,4952.73355532178,IRN,Iran
IND,India,2015,1583.99815907985,IND,India
IDN,Indonesia,2015,3288.22269725538,IDN,Indonesia
HND,Honduras,2015,2271.20265980349,HND,Honduras
GTM,Guatemala,2015,3893.50533299068,GTM,Guatemala
GIN,Guinea,2015,747.356966759448,GIN,Guinea
ETH,Ethiopia,2015,597.912113218663,ETH,Ethiopia
CRI,Costa Rica,2015,11714.7105980732,CRI,Costa Rica
COL,Colombia,2015,6248.51490534512,COL,Colombia
CIV,Cote d'Ivoire,2015,1814.71855088017,CIV,Côte d'Ivoire
CHN,China,2015,8175.33285077393,CHN,China
BRA,Brazil,2015,8936.1955889444,BRA,Brazil
BGD,Bangladesh,2015,1224.38647668165,BGD,Bangladesh
ARG,Argentina,2015,13679.6264980954,ARG,Argentina
VNM,Viet Nam,2016,2735.0604380416,VNM,Vietnam
UGA,Uganda,2016,752.696571725656,UGA,Uganda
TZA,Tanzania,2016,953.0107421875,TZA,Tanzania
TUR,Turkiye,2016,10984.3643169061,TUR,Türkiye
RWA,Rwanda,2016,729.519133812945,RWA,Rwanda
PER,Peru,2016,6217.03599995447,PER,Peru
NIC,Nicaragua,2016,2131.68704828322,NIC,Nicaragua
MWI,Malawi,2016,450.506105510719,MWI,Malawi
MEX,Mexico,2016,9097.92397674769,MEX,Mexico
LKA,Sri Lanka,2016,4149.19190775593,LKA,Sri Lanka
KEN,Kenya,2016,1554.12610314423,KEN,Kenya
JPN,Japan,2016,39375.4731620781,JPN,Japan
IRN,"Iran, Islamic Rep.",2016,5710.59947089104,IRN,Iran
IND,India,2016,1707.50892912243,IND,India
IDN,Indonesia,2016,3521.46943457574,IDN,Indonesia
HND,Honduras,2016,2307.34468351082,HND,Honduras
GTM,Guatemala,2016,4060.13784737643,GTM,Guatemala
GIN,Guinea,2016,711.996509782316,GIN,Guinea
ETH,Ethiopia,2016,641.651523286233,ETH,Ethiopia
CRI,Costa Rica,2016,12091.0301606154,CRI,Costa Rica
COL,Colombia,2016,5959.84250367574,COL,Colombia
CIV,Cote d'Ivoire,2016,1862.59597081287,CIV,Côte d'Ivoire
CHN,China,2016,8254.86859320357,CHN,China
BRA,Brazil,2016,8836.28546025694,BRA,Brazil
BGD,Bangladesh,2016,1649.28380858601,BGD,Bangladesh
ARG,Argentina,2016,12699.9623137756,ARG,Argentina
VNM,Viet Nam,2017,2956.10992127753,VNM,Vietnam
UGA,Uganda,2017,765.218332297361,UGA,Uganda
TZA,Tanzania,2017,986.674011230469,TZA,Tanzania
TUR,Turkiye,2017,10756.3877677883,TUR,Türkiye
RWA,Rwanda,2017,758.300966509647,RWA,Rwanda
PER,Peru,2017,6736.16693725487,PER,Peru
NIC,Nicaragua,2017,2182.61380995674,NIC,Nicaragua
MWI,Malawi,2017,495.769683367165,MWI,Malawi
MEX,Mexico,2017,9649.27816772402,MEX,Mexico
LKA,Sri Lanka,2017,4398.88828068715,LKA,Sri Lanka
KEN,Kenya,2017,1667.48447230835,KEN,Kenya
JPN,Japan,2017,38834.0529341227,JPN,Japan
IRN,"Iran, Islamic Rep.",2017,6000.93346404409,IRN,Iran
IND,India,2017,1950.10468280866,IND,India
IDN,Indonesia,2017,3798.88326174526,IDN,Indonesia
HND,Honduras,2017,2413.0076562942,HND,Honduras
GTM,Guatemala,2017,4324.99768915601,GTM,Guatemala
GIN,Guinea,2017,833.598621691121,GIN,Guinea
ETH,Ethiopia,2017,696.348429076216,ETH,Ethiopia
CRI,Costa Rica,2017,12317.0902771304,CRI,Costa Rica
COL,Colombia,2017,6479.53231292429,COL,Colombia
CIV,Cote d'Ivoire,2017,1964.29930338343,CIV,Côte d'Ivoire
CHN,China,2017,8979.67652709856,CHN,China
BRA,Brazil,2017,10080.5078722821,BRA,Brazil
BGD,Bangladesh,2017,1811.08221668646,BGD,Bangladesh
ARG,Argentina,2017,14532.5009308511,ARG,Argentina
VNM,Viet Nam,2018,3222.31003125366,VNM,Vietnam
UGA,Uganda,2018,792.16570022814,UGA,Uganda
TZA,Tanzania,2018,1023.10626220703,TZA,Tanzania
TUR,Turkiye,2018,9684.11819884721,TUR,Türkiye
RWA,Rwanda,2018,771.773511207309,RWA,Rwanda
PER,Peru,2018,6978.49121548627,PER,Peru
NIC,Nicaragua,2018,2035.16549390507,NIC,Nicaragua
MWI,Malawi,2018,533.202567189331,MWI,Malawi
MEX,Mexico,2018,10084.7937562021,MEX,Mexico
LKA,Sri Lanka,2018,4358.56095906047,LKA,Sri Lanka
KEN,Kenya,2018,1836.45275528993,KEN,Kenya
JPN,Japan,2018,39751.1330982711,JPN,Japan
IRN,"Iran, Islamic Rep.",2018,4783.01067340237,IRN,Iran
IND,India,2018,1966.25455171679,IND,India
IDN,Indonesia,2018,3860.95353090726,IDN,Indonesia
HND,Honduras,2018,2464.64241531918,HND,Honduras
GTM,Guatemala,2018,4352.94593289707,GTM,Guatemala
GIN,Guinea,2018,933.273615633705,GIN,Guinea
ETH,Ethiopia,2018,739.702022272086,ETH,Ethiopia
CRI,Costa Rica,2018,12590.2493781614,CRI,Costa Rica
COL,Colombia,2018,6816.96818309544,COL,Colombia
CIV,Cote d'Ivoire,2018,2130.86619381144,CIV,Côte d'Ivoire
CHN,China,2018,10085.6638148819,CHN,China
BRA,Brazil,2018,9300.66072904004,BRA,Brazil
BGD,Bangladesh,2018,1965.24372731467,BGD,Bangladesh
ARG,Argentina,2018,11752.7998922979,ARG,Argentina
VNM,Viet Nam,2019,3440.90025375434,VNM,Vietnam
UGA,Uganda,2019,822.171150036357,UGA,Uganda
TZA,Tanzania,2019,1063.32250976563,TZA,Tanzania
TUR,Turkiye,2019,9395.23378001368,TUR,Türkiye
RWA,Rwanda,2019,810.051412137354,RWA,Rwanda
PER,Peru,2019,7037.00803692604,PER,Peru
NIC,Nicaragua,2019,1958.62051528095,NIC,Nicaragua
MWI,Malawi,2019,580.889139762475,MWI,Malawi
MEX,Mexico,2019,10369.5553585271,MEX,Mexico
LKA,Sri Lanka,2019,4081.94772722003,LKA,Sri Lanka
KEN,Kenya,2019,1960.40808854893,KEN,Kenya
JPN,Japan,2019,40415.9567649547,JPN,Japan
IRN,"Iran, Islamic Rep.",2019,3997.4935449585,IRN,Iran
IND,India,2019,2041.42863698585,IND,India
IDN,Indonesia,2019,4106.94856160358,IDN,Indonesia
HND,Honduras,2019,2502.32744328073,HND,Honduras
GTM,Guatemala,2019,4511.99839552697,GTM,Guatemala
GIN,Guinea,2019,1031.34146480732,GIN,Guinea
ETH,Ethiopia,2019,793.473247210264,ETH,Ethiopia
CRI,Costa Rica,2019,12884.6859951989,CRI,Costa Rica
COL,Colombia,2019,6472.54544924705,COL,Colombia
CIV,Cote d'Ivoire,2019,2141.76836170115,CIV,Côte d'Ivoire
CHN,China,2019,10342.9009524335,CHN,China
BRA,Brazil,2019,9029.83304401079,BRA,Brazil
BGD,Bangladesh,2019,2129.79896954606,BGD,Bangladesh
ARG,Argentina,2019,9955.97478680428,ARG,Argentina
VNM,Viet Nam,2020,3534.03953482647,VNM,Vietnam
UGA,Uganda,2020,845.766463890124,UGA,Uganda
TZA,Tanzania,2020,1117.41528320313,TZA,Tanzania
TUR,Turkiye,2020,8798.11791709313,TUR,Türkiye
RWA,Rwanda,2020,778.701498925026,RWA,Rwanda
PER,Peru,2020,6133.32552410183,PER,Peru
NIC,Nicaragua,2020,1938.44704754382,NIC,Nicaragua
MWI,Malawi,2020,602.507478176106,MWI,Malawi
MEX,Mexico,2020,8841.27075039868,MEX,Mexico
LKA,Sri Lanka,2020,3847.60137695639,LKA,Sri Lanka
KEN,Kenya,2020,1927.66459027849,KEN,Kenya
JPN,Japan,2020,40028.7341726762,JPN,Japan
IRN,"Iran, Islamic Rep.",2020,3202.50003502169,IRN,Iran
IND,India,2020,1907.04251637669,IND,India
IDN,Indonesia,2020,3853.70288774146,IDN,Indonesia
HND,Honduras,2020,2307.61494319511,HND,Honduras
GTM,Guatemala,2020,4477.61785000665,GTM,Guatemala
GIN,Guinea,2020,1053.66097696415,GIN,Guinea
ETH,Ethiopia,2020,829.790982547947,ETH,Ethiopia
CRI,Costa Rica,2020,12394.0493969492,CRI,Costa Rica
COL,Colombia,2020,5339.68711357943,COL,Colombia
CIV,Cote d'Ivoire,2020,2179.72934832935,CIV,Côte d'Ivoire
CHN,China,2020,10627.4637989619,CHN,China
BRA,Brazil,2020,7074.19407495707,BRA,Brazil
BGD,Bangladesh,2020,2248.85078828233,BGD,Bangladesh
ARG,Argentina,2020,8535.59938004389,ARG,Argentina
VNM,Viet Nam,2021,3704.1935590038,VNM,Vietnam
UGA,Uganda,2021,882.791717542504,UGA,Uganda
TZA,Tanzania,2021,1159.85656738281,TZA,Tanzania
TUR,Turkiye,2021,9981.76398411336,TUR,Türkiye
RWA,Rwanda,2021,829.544845263697,RWA,Rwanda
PER,Peru,2021,6826.20255614477,PER,Peru
NIC,Nicaragua,2021,2138.38588469449,NIC,Nicaragua
MWI,Malawi,2021,617.446994451007,MWI,Malawi
MEX,Mexico,2021,10314.0506722115,MEX,Mexico
LKA,Sri Lanka,2021,3996.96240014909,LKA,Sri Lanka
KEN,Kenya,2021,2061.35622089594,KEN,Kenya
JPN,Japan,2021,40094.5599795288,JPN,Japan
IRN,"Iran, Islamic Rep.",2021,4605.14881318992,IRN,Iran
IND,India,2021,2239.61384367482,IND,India
IDN,Indonesia,2021,4287.17313995098,IDN,Indonesia
HND,Honduras,2021,2735.14751503977,HND,Honduras
GTM,Guatemala,2021,4912.62240414681,GTM,Guatemala
GIN,Guinea,2021,1244.96550477914,GIN,Guinea
ETH,Ethiopia,2021,893.00983544905,ETH,Ethiopia
CRI,Costa Rica,2021,12838.1185358931,CRI,Costa Rica
COL,Colombia,2021,6222.62164397614,COL,Colombia
CIV,Cote d'Ivoire,2021,2455.98127641148,CIV,Côte d'Ivoire
CHN,China,2021,12887.4357242941,CHN,China
BRA,Brazil,2021,7972.53696080695,BRA,Brazil
BGD,Bangladesh,2021,2482.84917843357,BGD,Bangladesh
ARG,Argentina,2021,10738.0179223384,ARG,Argentina
VNM,Viet Nam,2022,4147.69777213621,VNM,Vietnam
UGA,Uganda,2022,963.067314117178,UGA,Uganda
TZA,Tanzania,2022,1207.52062988281,TZA,Tanzania
TUR,Turkiye,2022,10897.8397861365,TUR,Türkiye
RWA,Rwanda,2022,975.469323735369,RWA,Rwanda
PER,Peru,2022,7350.63034300417,PER,Peru
NIC,Nicaragua,2022,2322.89053964583,NIC,Nicaragua
MWI,Malawi,2022,604.269740360317,MWI,Malawi
MEX,Mexico,2022,11405.7940473759,MEX,Mexico
LKA,Sri Lanka,2022,3342.63650253855,LKA,Sri Lanka
KEN,Kenya,2022,2109.56288513137,KEN,Kenya
JPN,Japan,2022,34065.6438962526,JPN,Japan
IRN,"Iran, Islamic Rep.",2022,4721.20437099984,IRN,Iran
IND,India,2022,2347.44829434623,IND,India
IDN,Indonesia,2022,4730.83484836107,IDN,Indonesia
HND,Honduras,2022,3003.28996826399,HND,Honduras
GTM,Guatemala,2022,5358.70156997677,GTM,Guatemala
GIN,Guinea,2022,1416.59612011764,GIN,Guinea
ETH,Ethiopia,2022,982.103161506992,ETH,Ethiopia
CRI,Costa Rica,2022,13625.9008491328,CRI,Costa Rica
COL,Colombia,2022,6680.44506854481,COL,Colombia
CIV,Cote d'Ivoire,2022,2333.37128301259,CIV,Côte d'Ivoire
CHN,China,2022,12970.6056414327,CHN,China
BRA,Brazil,2022,9281.33282136864,BRA,Brazil
BGD,Bangladesh,2022,2716.48592780431,BGD,Bangladesh
ARG,Argentina,2022,13962.1894087223,ARG,Argentina
VNM,Viet Nam,2023,4323.35031982451,VNM,Vietnam
UGA,Uganda,2023,1002.30913917142,UGA,Uganda
TZA,Tanzania,2023,1224.00219726563,TZA,Tanzania
TUR,Turkiye,2023,13375.0947282864,TUR,Türkiye
RWA,Rwanda,2023,1027.03446826565,RWA,Rwanda
PER,Peru,2023,7887.54185920108,PER,Peru
NIC,Nicaragua,2023,2609.44492072931,NIC,Nicaragua
MWI,Malawi,2023,633.214767978695,MWI,Malawi
MEX,Mexico,2023,13860.9597809326,MEX,Mexico
LKA,Sri Lanka,2023,3798.89016573011,LKA,Sri Lanka
KEN,Kenya,2023,1942.58802756191,KEN,Kenya
JPN,Japan,2023,33836.1756271617,JPN,Japan
IRN,"Iran, Islamic Rep.",2023,5049.29931642754,IRN,Iran
IND,India,2023,2530.12031278204,IND,India
IDN,Indonesia,2023,4876.30774512252,IDN,Indonesia
HND,Honduras,2023,3227.45762509776,HND,Honduras
GTM,Guatemala,2023,5758.32760847852,GTM,Guatemala
GIN,Guinea,2023,1555.49375806861,GIN,Guinea
ETH,Ethiopia,2023,1055.81091592527,ETH,Ethiopia
CRI,Costa Rica,2023,16942.0268119375,CRI,Costa Rica
COL,Colombia,2023,7000.83660501046,COL,Colombia
CIV,Cote d'Ivoire,2023,2591.9659048119,CIV,Côte d'Ivoire
CHN,China,2023,12951.1782397043,CHN,China
BRA,Brazil,2023,10377.5897719195,BRA,Brazil
BGD,Bangladesh,2023,2551.01773827307,BGD,Bangladesh
ARG,Argentina,2023,14261.8465667948,ARG,Argentina
